,id,sequence
0,'0',ATGTGLVYVDAFTRFHCLWDASFPECPARVSTVMEMLETEGLLGRCVQVEARAVTEDELLLVHTKEYVELMKSTQNMTEEELKTLAEKYDSVYLHPGFFSSACLSVGSVLQLVDKVMTSQLRNGFSINRPPGHHAQADKMNGYCMFNNLAIAARYAQKRHRVQRVLIVDWDVHHGQGIQYIFEEDPSVLYFSVHRYEDGSFWPHLKESDSSSVGSGAGQGYNINLPWNKVGMESGDYITAFQQLLLPVAYEFQPQLVLVAAGFDAVIGDPKGGMQVSPECFSILTHMLKGVAQGRLVLALEGGYNLQSTAEGVCASMRSLLGDPCPHLPSSGAPCESALKSISKTISDLYPFWKSLQTFE
1,'6',GEAPNQALLRILKETEFKKIKVLGSGAFGTVYKGLWIPEGEKVKIPVAIKELREATSPKANKEILDEAYVMASVDNPHVCRLLGICLTSTVQLIMQLMPFGCLLDYVREHKDNIGSQYLLNWCVQIAKGMNYLEDRRLVHRDLAARNVLVKTPQHVKITDFGRAKLLGAEEKEYHAEGGKVPIKWMALESILHRIYTHQSDVWSYGVTVWELMTFGSKPYDGIPASEISSILEKGERLPQPPICTIDVYMIMVKCWMIDADSRPKFRELIIEFSKMARDPQRYLVIQGDERMHLPSPTDSNFYRALMDEEDMDDVVDADEYLIPQQG
2,'7',GEAPNQALLRILKETEFKKIKVLGSGAFGTVYKGLWIPEGEKVKIPVAIKELREATSPKANKEILDEAYVMASVDNPHVCRLLGICLTSTVQLITQLMPFGCLLDYVREHKDNIGSQYLLNWCVQIAKGMNYLEDRRLVHRDLAARNVLVKTPQHVKITDFGRAKLLGAEEKEYHAEGGKVPIKWMALESILHRIYTHQSDVWSYGVTVWELMTFGSKPYDGIPASEISSILEKGERLPQPPICTIDVYMIMVKCWMIDADSRPKFRELIIEFSKMARDPQRYLVIQGDERMHLPSPTDSNFYRALMDEEDMDDVVDADEYLIPQQG
3,'8',GEAPNQALLRILKETEFKKIKVLSSGAFGTVYKGLWIPEGEKVKIPVAIKELREATSPKANKEILDEAYVMASVDNPHVCRLLGICLTSTVQLITQLMPFGCLLDYVREHKDNIGSQYLLNWCVQIAKGMNYLEDRRLVHRDLAARNVLVKTPQHVKITDFGLAKLLGAEEKEYHAEGGKVPIKWMALESILHRIYTHQSDVWSYGVTVWELMTFGSKPYDGIPASEISSILEKGERLPQPPICTIDVYMIMVKCWMIDADSRPKFRELIIEFSKMARDPQRYLVIQGDERMHLPSPTDSNFYRALMDEEDMDDVVDADEYLIPQQG
4,'9',GECSQKGPVPFSHCLPTEKLQRCEKIGEGVFGEVFQTIADHTPVAIKIIAIEGPDLVNGSHQKTFEEILPEIIISKELSLLSGEVCNRTEGFIGLNSVHCVQGSYPPLLLKAWDHYNSTKGSANDRPDFFKDDQLFIVLEFEFGGIDLEQMRTKLSSLATAKSILHQLTASLAVAEASLRFEHRDLHWGNVLLKKTSLKKLHYTLNGKSSTIPSCGLQVSIIDYTLSRLERDGIVVFCDVSMDEDLFTGDGDYQFDIYRLMKKENNNRWGEYHPYSNVLWLHYLTDKMLKQMTFKTKCNTPAMKQIKRKIQEFHRTMLNFSSATDLLCQHSLFK
5,'10',GKLSEHLRYCDSILREMLSKKHAAYAWPFYKPVDAEALELHDYHDIIKHPMDLSTVKRKMDGREYPDAQGFAADVRLMFSNCYKYNPPDHEVVAMARKLQDVFEMRFAKMP
6,'11',HHSTVADGLITTLHYPAPKRNKPTVYGVSPNYDKWEMERTDITMKHKLGGGHYGEVYEGVWKKYSLTVAVKTLKEDTMEVEEFLKEAAVMKEIKHPNLVQLLGVCTREPPFYIITEFMTYGNLLDYLRECNRQEVNAVVLLYMATQISSAMEYLEKKNFIHRDLAARNCLVGENHLVKVADFGLSRLMTGDTYTAHAGAKFPIKWTAPESLAYNKFSIKSDVWAFGVLLWEIATYGMSPYPGIDLSQVYELLEKDYRMERPEGCPEKVYELMRACWQWNPSDRPSFAEIHQAFETMFQES
7,'13',HHSTVADGLITTLHYPAPKRNKPTVYGVSPNYDKWEMERTDITMKHKLGGGQYGEVYEGVWKKYSLTVAVKTLKEDTMEVEEFLKEAAVMKEIKHPNLVQLLGVCTREPPFYIIIEFMTYGNLLDYLRECNRQEVNAVVLLYMATQISSAMEYLEKKNFIHRDLAARNCLVGENHLVKVADFGLSRLMTGDTYTAHAGAKFPIKWTAPESLAYNKFSIKSDVWAFGVLLWEIATYGMSPYPGIDLSQVYELLEKDYRMERPEGCPEKVYELMRACWQWNPSDRPSFAEIHQAFETMFQES
8,'14',HHSTVADGLITTLHYPAPKRNKPTVYGVSPNYDKWEMERTDITMKHKLGGGQYGEVYEGVWKKYSLTVAVKTLKEDTMEVEEFLKEAAVMKEIKHPNLVQLLGVCTREPPFYIINEFMTYGNLLDYLRECNRQEVNAVVLLYMATQISSAMEYLEKKNFIHRDLAARNCLVGENHLVKVADFGLSRLMTGDTYTAHAGAKFPIKWTAPESLAYNKFSIKSDVWAFGVLLWEIATYGMSPYPGIDLSQVYELLEKDYRMERPEGCPEKVYELMRACWQWNPSDRPSFAEIHQAFETMFQES
9,'15',HHSTVADGLITTLHYPAPKRNKPTVYGVSPNYDKWEMERTDITMKHKLGGGQYGEVYEGVWKKYSLTVAVKTLKEDTMEVEEFLKEAAVMKEIKHPNLVQLLGVCTREPPFYIITEFMTYGNLLDYLRECNRQEVNAVVLLYMATQISSAMEYLEKKNFIHRDLAARNCLVGENHLVKVADFGLSRLMTGDTYTAHAGAKFPIKWTAPESLAYNKFSIKSDVWAFGVLLWEIATYGMSPYPGIDLSQVYELLEKDYRMERPEGCPEKVYELMRACWQWNPSDRPSFAEIHQAFETMFQES
10,'16',HHSTVADGLITTLHYPAPKRNKPTVYGVSPNYDKWEMERTDITMKHKLGGGQYGEVYEGVWKKYSLTVAVKTLKEDTMEVEEFLKEAAVMKEIKHPNLVQLLGVCTREPPFYIITEFMTYGNLLDYLRECNRQEVNAVVLLYMATQISSAMEYLEKKNFIHRDLAARNCLVGENHLVKVADFGLSRLMTGDTYTAPAGAKFPIKWTAPESLAYNKFSIKSDVWAFGVLLWEIATYGMSPYPGIDLSQVYELLEKDYRMERPEGCPEKVYELMRACWQWNPSDRPSFAEIHQAFETMFQES
11,'17',HHSTVADGLITTLHYPAPKRNKPTVYGVSPNYDKWEMERTDITMKHKLGGGQYGEVYEGVWKKYSLTVAVKTLKEDTMEVEEFLKEAAVMKEIKHPNLVQLLGVCTREPPFYIITEFMTYGNLLDYLRECNRQEVNAVVLLYMATQISSAMEYLEKKNVIHRDLAARNCLVGENHLVKVADFGLSRLMTGDTYTAHAGAKFPIKWTAPESLAYNKFSIKSDVWAFGVLLWEIATYGMSPYPGIDLSQVYELLEKDYRMERPEGCPEKVYELMRACWQWNPSDRPSFAEIHQAFETMFQES
12,'18',HHSTVADGLITTLHYPAPKRNKPTVYGVSPNYDKWEMERTDITMKHKLGGGQYGEVYEGVWKKYSLTVAVKTLKEDTMEVEEFLKEAAVMKEIKHPNLVQLLGVCTREPPFYIITEFMTYGNLLDYLRECNRQEVNAVVLLYMATQISSATEYLEKKNFIHRDLAARNCLVGENHLVKVADFGLSRLMTGDTYTAHAGAKFPIKWTAPESLAYNKFSIKSDVWAFGVLLWEIATYGMSPYPGIDLSQVYELLEKDYRMERPEGCPEKVYELMRACWQWNPSDRPSFAEIHQAFETMFQES
13,'21',KGPVPFSHCLPTEKLQRCEKIGEGVFGEVFQTIADHTPVAIKIIAIEGPDLVNGSHQKTFEEILPEIIISKELSLLSGEVCNRTEGFIGLNSVHCVQGSYPPLLLKAWDHYNSTKGSANDRPDFFKDDQLFIVLEFEFGGIDLEQMRTKLSSLATAKSILHQLTASLAVAEASLRFEHRDLHWGNVLLKKTSLKKLHYTLNGKSSTIPSCGLQVSIIDYTLSRLERDGIVVFCDVSMDEDLFTGDGDYQFDIYRLMKKENNNRWGEYHPYSNVLWLHYLTDKMLKQMTFKTKCNTPAMKQIKRKIQEFHRTMLNFSSATDLLCQHSLFK
14,'22',KNVLPDSQQQYNVVKTVKVTEQLRHCSEILKEMLAKKHFSYAWPFYNPVDVNALGLHNYYDVVKNPMDLGTIKEKMDNQEYKDAYKFAADVRLMFMNCYKYNPPDHEVVTMARMLQDVFETHFSKIPIEPVE
15,'23',KPGRVTNQLQYLHKVVMKALWKHQFAWPFRQPVDAVKLGLPDYHKIIKQPMDMGTIKRRLENNYYWAASECMQDFNTMFTNCYIYNKPTDDIVLMAQTLEKIFLQKVASMPQEEQELVVTIPKN
16,'24',KPGRVTNQLQYLHKVVMKALWKHQFAWPFRQPVDAVKLGLPDYHKIIKQPMDMGTIKRRLENNYYWAASECMQDFNTMFTNCYIYNKPTDDIVLMAQTLEKIFLQKVASMPQEEQELVVTIPKNEQLKHCNGILKELLSKKHAAYAWPFYKPVDASALGLHDYHDIIKHPMDLSTVKRKMENRDYRDAQEFAADVRLMFSNCYKYNPPDHDVVAMARKLQDVFEFRYAKMPD
17,'25',MAAAAAAGAGPEMVRGQVFDVGPRYTNLSYIGEGAYGMVCSAYDNVNKVRVAIKKISPFEHQTYCQRTLREIKILLRFRHENIIGINDIIRAPTIEQMKDVYIVQDLMETDLYKLLKTQHLSNDHICYFLYQILRGLKYIHSANVLHRDLKPSNLLLNTTCDLKICDFGLARVADPDHDHTGFLTEYVATRWYRAPEIMLNSKGYTKSIDIWSVGCILAEMLSNRPIFPGKHYLDQLNHILGILGSPSQEDLNCIINLKARNYLLSLPHKNKVPWNRLFPNADSKALDLLDKMLTFNPHKRIEVEQALAHPYLEQYYDPSDEPIAEAPFKFDMELDDLPKEKLKELIFEETARFQPGYRS
18,'26',MAAAAAQGGGGGEPRRTEGVGPGVPGEVEMVKGQPFDVGPRYTQLQYIGEGAYGMVSSAYDHVRKTRVAIKKISPFEHQTYCQRTLREIQILLRFRHENVIGIRDILRASTLEAMRDVYIVQDLMETDLYKLLKSQQLSNDHICYFLYQILRGLKYIHSANVLHRDLKPSNLLINTTCDLKICDFGLARIADPEHDHTGFLTEYVATRWYRAPEIMLNSKGYTKSIDIWSVGCILAEMLSNRPIFPGKHYLDQLNHILGILGSPSQEDLNCIINMKARNYLQSLPSKTKVAWAKLFPKSDSKALDLLDRMLTFNPNKRITVEEALAHPYLEQYYDPTDEPVAEEPFTFAMELDDLPKERLKELIFQETARFQPGVLEAP
19,'27',MACGLVASNLNLKPGECLRVRGEVAPDAKSFVLNLGKDSNNLCLHFNPRFNAHGDANTIVCNSKDGGAWGTEQREAVFPFQPGSVAEVCITFDQANLTVKLPDGYEFKFPNRLNLEAINYMAADGDFKIKCVAFD
20,'28',MADNFSLHDALSGSGNPNPQGWPGAWGNQPAGAGGYPGASYPGAYPGQAPPGAYPGQAPPGAYPGAPGAYPGAPAPGVYPGPPSGPGAYPSSGQPSATGAYPATGPYGAPAGPLIVPYNLPLPGGVVPRMLITILGTVKPNANRIALDFQRGNDVAFHFNPRFNENNRRVIVCNTKLDNNWGREERQSVFPFESGKPFKIQVLVEPDHFKVAVNDAHLLQYNHRVKKLNEISKLGISGDIDLTSASYTMI
21,'29',MAEGEITTFTALTEKFNLPPGNYKKPKLLYCSNGGHFLRILPDGTVDGTRDRSDQHIQLQLSAESVGEVYIKSTETGQYLAMDTDGLLYGSQTPNEECLFLERLEENHYNTYISKKHAEKNWFVGLKKNGSCKRGPRTHYGQKAILFLPLPVSSD
22,'31',MAELKLGYKASAEQFAPRELVELAVAAEAHGMDSATVSDHFQPARHQGGHAPFSLSWMTAVGERTNRLLLGTSVLTPTFRYNPAVIAQAFATMGCLYPNRVFLGVGTGEALNEIATGYEGAWPEFKERFARLRESVGLMRQLWSGDRVDFDGDYYRLKGASIYDVPDGGVPVYIAAGGPAVAKYAGRAGDGFICTSGKGEELYTEKLMPAVREGAAAADRSVDGIDKMIEIKISYDPDPELALNNTRFWAPLSLTAEQKHSIDDPIEMEKAADALPIEQIAKRWIVASDPDEAVEKVGQYVTWGLNHLVFHAPGHDQRRFLELFQSDLAPRLRRLG
23,'32',MAELKLGYKASAEQFAPRELVELAVAAEAHGMDSATVSDHFQPFRHQGGHAPFSLSWMTAVGERTNRLLLGTSVLTPTFRYNPAVIAQAFATMGCLYPNRVFLGVGTGEALNEIATGYEGAWPEFKERFARLRESVGLMRQLWSGDRVDFDGDYYRLKGASIYDVPDGGVPVYIAAGGPAVAKYAGRAGDGFICTSGKGEELYTEKLMPAVREGAAAADRSVDGIDKMIEIKISYDPDPELALNNTRFWAPLSLTAEQKHSIDDPIEMEKAADALPIEQIAKRWIVASDPDEAVEKVGQYVTWGLNHLVFHAPGHDQRRFLELFQSDLAPRLRRLG
24,'33',MAELKLGYKASAEQFAPRELVELAVAAEAHGMDSATVSDHFQPWRHQGGHAPFSLSWMTAVGERTNRLLLGTSVLTPTFRYNPAVIAQAFATMGCLYPNRVFLGVGTGEALNEIATGYEGAWPEFKERFARLRESVGLMRQLWSGDRVDFDGDYYRLKGASIYDVPDGGVPVYIAAGGPAVAKYAGRAGDGFICTSGKGEELYTEKLMPAVREGAAAADRSVDGIDKMIEIKISYDPDPELALNNTRFWAPLSLTAEQKHSIDDPIEMEKAADALPIEQIAKRWIVASDPDEAVEKVGQYVTWGLNHLVFHAPGHDQRRFLELFQSDLAPRLRRLG
25,'34',MAELKLGYKASAEQFAPRELVELAVAAEAHGMDSATVSDHFQPWRHQGGHAPFSLSWMTAVGERTNRLLLGTSVLTPTFRYNPAVIAQAFATMGCLYPNRVFLGVGTGQALNEIATGYEGAWPEFKERFARLRESVGLMRQLWSGDRVDFDGDYYRLKGASIYDVPDGGVPVYIAAGGPAVAKYAGRAGDGFICTSGKGEELYTEKLMPAVREGAAAADRSVDGIDKMIEIKISYDPDPELALNNTRFWAPLSLTAEQKHSIDDPIEMEKAADALPIEQIAKRWIVASDPDEAVEKVGQYVTWGLNHLVFHAPGHDQRRFLELFQSDLAPRLRRLG
26,'35',MAELKLGYKASAEQFAPRELVELAVAAEAHGMDSATVSDHFQPYRHQGGHAPFSLSWMTAVGERTNRLLLGTSVLTPTFRYNPAVIAQAFATMGCLYPNRVFLGVGTGEALNEIATGYEGAWPEFKERFARLRESVGLMRQLWSGDRVDFDGDYYRLKGASIYDVPDGGVPVYIAAGGPAVAKYAGRAGDGFICTSGKGEELYTEKLMPAVREGAAAADRSVDGIDKMIEIKISYDPDPELALNNTRFWAPLSLTAEQKHSIDDPIEMEKAADALPIEQIAKRWIVASDPDEAVEKVGQYVTWGLNHLVFHAPGHDQRRFLELFQSDLAPRLRRLG
27,'36',MAERFTDRARRVVVLAQEEARMLNHNYIGTEHILLGLIHEGEGVAAKSLESLGISLEGVRSQVEEIIGQGQQAPSGHIPFTPRAKKVLELSLREALQLGHNYIGTEHILLGLIREGEGVAAQVLVKLGAELTRVRQQVIQLLSGY
28,'37',MAFDSTWKVDRSENYDKFMEKMGVNIVKRKLAAHDNLKLTITQEGNKFTVKESSAFRNIEVVFELGVTFNYNLADGTELRGTWSLEGNKLIGKFKRTDNGNELNTVREIIGDELVQTYVYEGVEAKRIFKKD
29,'38',MAFSGSQAPYLSPAVPFSGTIQGGLQDGLQITVNGTVLSSSGTRFAVNFQTGFSGNDIAFHFNPRFEDGGYVVCNTRQNGSWGPEERKTHMPFQKGMPFDLCFLVQSSDFKVMVNGILFVQYFHRVPFHRVDTISVNGSVQLSYISFQNPRTVPVQPAFSTVPFSQPVCFPPRPRGRRQKPPGVWPANPAPITQTVIHTVQSAPGQMFSTPAIPPMMYPHPAYPMPFITTILGGLYPSKSILLSGTVLPSAQRFHINLCSGNHIAFHLNPRFDENAVVRNTQIDNSWGSEERSLPRKMPFVRGQSFSVWILCEAHCLKVAVDGQHLFEYYHRLRNLPTINRLEVGGDIQLTHVQT
30,'40',MAPWPHENSSLAPWPDLPTLAPNTANTSGLPGVPWEAALAGALLALAVLATVGGNLLVIVAIAWTPRLQTMTNVFVTSLAAADLVMGLLVVPPAATLALTGHWPLGATGCELWTSVDVLCVTASIETLCALAVDRYLAVTNPLRYGALVTKRCARTAVVLVWVVSAAVSFAPIMSQWWRVGADAEAQRCHSNPRCCAFASNMPYVLLSSSVSFYLPLLVMLFVYARVFVVATRQLRLLRGELGRFPPEESPPAPSRSLAPAPVGTCAPPEGVPACGRRPARLLPLREHRALCTLGLIMGTFTLCWLPFFLANVLRALGGPSLVPGPAFLALNWLGYANSAFNPLIYCRSPDFRSAFRRLLCRCGRRLPPEPCAAARPALFPSGVPAARSSPAQPRLCQRLDGASWGVS
31,'41',MAQTQGTRRKVCYYYDGDVGNYYYGQGHPMKPHRIRMTHNLLLNYGLYRKMEIYRPHKANAEEMTKYHSDDYIKFLRSIRPDNMSEYSKQMQRFNVGEDCPVFDGLFEFCQLSTGGSVASAVKLNKQQTDIAVNWAGGLHHAKKSEASGFCYVNDIVLAILELLKYHQRVLYIDIDIHHGDGVEEAFYTTDRVMTVSFHKYGEYFPGTGDLRDIGAGKGKYYAVNYPLRDGIDDESYEAIFKPVMSKVMEMFQPSAVVLQCGSDSLSGDRLGCFNLTIKGHAKCVEFVKSFNLPMLMLGGGGYTIRNVARCWTYETAVALDTEIPNELPYNDYFEYFGPDFKLHISPSNMTNQNTNEYLEKIKQRLFENLRMLPHAPGVQMQAIPEDAIPEESGDEDEDDPDKRISICSSDKRIACEEEFSDSEEEGEGGRKNSSNFKKAKRVKTEDEKEKDPEEKKEVTEEEKTKEEKPEAKGVKEEVKLA
32,'43',MASGTTTTAVKIGIIGGTGLDDPEILEGRTEKYVDTPFGKPSDALILGKIKNVDCVLLARHGRQHTIMPSKVNYQANIWALKEEGCTHVIVTTACGSLREEIQPGDIVIIDQFIDRTTMRPQSFYDGSHSCARGVCHIPMAEPFCPKTREVLIETAKKLGLRCHSKGTMVTIEGPRFSSRAESFMFRTWGADVINMTTVPEVVLAKEAGICYASIAMATDYDCWKEHEEAVSVDRVLKTLKENANKAKSLLLTTIPQIGSTEWSETLHNLKNMAQFSVLLPRH
33,'44',MASLKDLEGKWRLMESHGFEEYMKELGVGLALRKMAAMAKPDCIITCDGNNITVKTESTVKTTVFSCNLGEKFDETTADGRKTETVCTFQDGALVQHQQWDGKESTITRKLKDGKMIVECVMNNATCTRVYEKVQ
34,'45',MASPDWGYDDKNGPEQWSKLYPIANGNNQSPVDIKTSETKHDTSLKPISVSYNPATAKEIINVGHSFHVNFEDNDNRSVLKGGPFSDSYRLFQFHFHWGSTNEHGSEHTVDGVKYSAELHVAHWNSAKYSSLAEAASKADGLAVIGVLMKVGEANPKLQKVLDALQAIKTKGKRAPFTNFDPSTLLPSSLDFWTYPGSLTHPPLYESVTWIICKESISVSSEQLAQFRSLLSNVEGDNAVPMQHNNRPTQPLKGRTVRASF
35,'46',MATVQQLEGRWRLVDSKGFDEYMAELGVGIALAAMGAMAKPDCIITCDGKNLTIKTESTLKTTQFSCTLGEKFEETTADGRKTQTVCNFTDGALVQHQEWDGKESTITRKLKDGKLVVECVMNNVTCTRIYEKVE
36,'47',MATVQQLEGRWRLVDSKGFDEYMKELGVGIALRKAGAMAKPDCIITCDGKNLTIKTESTAKTTQFSCTLGEKFEETTADGRKTQTVCNFTDGALVQHQEWDGKESTITRKLKDGKLVVECVMNNVTCTRIYEKVE
37,'49',MAYSQGGGKKKVCYYYDGDIGNYYYGQGHPMKPHRIRMTHNLLLNYGLYRKMEIYRPHKATAEEMTKYHSDEYIKFLRSIRPDNMSEYSKQMQRFNVGEDCPVFDGLFEFCQLSTGGSVAGAVKLNRQQTDMAVNWAGGLHHAKKSEASGFCYVNDIVLAILELLKYHQRVLYIDIDIHHGDGVEEAFYTTDRVMTVSFHKYGEYFPGTGDLRDIGAGKGKYYAVNFPMRDGIDDESYGQIFKPIISKVMEMYQPSAVVLQCGADSLSGDRLGCFNLTVKGHAKCVEVVKTFNLPLLMLGGGGYTIRNVARCWTYETAVALDCEIPNELPYNDYFEYFGPDFKLHISPSNMTNQNTPEYMEKIKQRLFENLRMLPHAPGVQMQAIPEDAVHEDSGDEDGEDPDKRISIRASDKRIACDEEFSDSEDEGEGGRRNVADHKKGAKKARIEEDKKETEDKKTDVKEEDKSKDNSGEKTDTKGTKSEQLSNP
38,'50',MCGNTMSVPLLTDAATVSGAERETAAVIFLHGLGDTGHSWADALSTIRLPHVKYICPHAPRIPVTLNMKMVMPSWFDLMGLSPDAPEDEAGIKKAAENIKALIEHEMKNGIPANRIVLGGFAQGGALSLYTALTCPHPLAGIVALSCWLPLHRAFPQAANGSAKDLAILQCHGELDPMVPVRFGALTAEKLRSVVTPARVQFKTYPGVMHSSCPQEMAAVKEFLEKLLPPV
39,'51',MCGNTMSVPLLTDAATVSGAERETAAVIFLHGLGDTGHSWADALSTIRLPHVKYICPHAPRIPVTLNMKMVMPSWFDLMGLSPDAPEDEAGIKKAAENIKALIEHEMKNGIPANRIVLGGFSQGGALSLYTALTCPHPLAGIVALSCWLPLHRAFPQAANGSAKDLAILQCHGELDPMVPVRFGALTAEKLRSVVTPARVQFKTYPGVMHSSCPQEMAAVKEFLEKLLPPV
40,'52',MCNTNMSVPTDGAVTTSQIPASEQETLVRPKPLLLKLLKSVGAQKDTYTMKEVLFYLGQYIMTKRLYDEKQQHIVYCSNDLLGDLFGVPSFSVKEHRKIYTMIYRNLVVVNQQESSDS
41,'53',MCNTNMSVPTDGAVTTSQIPASEQETLVRPKPLLLKLLKSVGAQKDWYTMKEVLFYLGQYIMTKRLYDEKQQHIVYCSNDLLGDLFGVPSFSVKEHRKIYTMIYRNLVVVNQQESSDS
42,'54',MDQQVKQERLQGRLEPEIKEFRQERKTLQLATVDAQGRPNVSYAPFVQNQEGYFVLISHIARHARNLEVNPQVSIMMIEDETEAKQLFARKRLTFDAVASMVERDSELWCQVIAQMGERFGEIIDGLSQLQDFMLFRLQPEHGLFVKGFGQAYQVSGDDLVDFVHLEEGHRKISNG
43,'55',MDQQVKQERLQGRLEPEIKEFRQERKTLQLATVDAQGRPNVSYAPFVQNQEGYFVLISHIARHARNLEVNPQVSIMMIEDETEAKQLFARKRLTFDAVASMVERDSELWCQVIAQMGERFGEIIDGLSQLQEFMLFRLQPEQGLFVKGFGQAYQVSGDDLVDFVHLEEGHRKISNG
44,'56',MDQQVKQERLQGRLEPEIKEFRQERKTLQLATVDAQGRPNVSYAPFVQNQEGYFVLISHIARHARNLEVNPQVSIMMIEDETEAKQLFARKRLTFDAVASMVERDSELWCQVIAQMGERFGEIIDGLSQLQLFMLFRLQPEQGLFVKGFGQAYQVSGDDLVDFVHLEEGHRKISNG
45,'57',MDQQVKQERLQGRLEPEIKEFRQERKTLQLATVDAQGRPNVSYAPFVQNQEGYFVLISHIARHARNLEVNPQVSIMMIEDETEAKQLFARKRLTFDAVASMVERDSELWCQVIAQMGERFGEIIDGLSQLQNFMLFRLQPEQGLFVKGFGQAYQVSGDDLVDFVHLEEGHRKISNG
46,'58',MDRSKENCISGPVKATAPVGGPKRVLVTQQFPCQNPLPVNSGQAQRVLCPSNSSQRVPLQAQKLVSSHKPVQNQKQKQLQATSVPHPVSRPLNNTQKSKQPLPSAPENNPEEELASKQKNEESKKRQWALEDFEIGRPLGKGKFGNVYLAREKQSKFILALKVLFKAQLEKAGVEHQLRREVEIQSHLRHPNILRLYGYFHDATRVYLILEYAPLGTVYRELQKLSKFDEQRTATYITELANALSYCHSKRVIHRDIKPENLLLGSAGELKIADFGWSVHAPSSRRTTLCGTLDYLPPEMIEGRMHDEKVDLWSLGVLCYEFLVGKPPFEANTYQETYKRISRVEFTFPDFVTEGARDLISRLLKHNPSQRPMLREVLEHPWITANSSKPSNCQNKESASKQS
47,'59',MDSPIQIFRGEPGPTCAPSACLPPNSSAWFPGWAEPDSNGSAGSEDAQLEPAHISPAIPVIITAVASVVFVVGLVGNSLVMFVIIRYTKMKTATNIYIFNLALADALVTTTMPFQSTVYLMNSWPFGDVLCKIVISIDYYNMFTSIFTLTMMSVDRYIAVCHPVKALDFRTPLKAKIINICIWLLSSSVGISAIVLGGTKVREDVDVIECSLQFPDDDYSWWDLFMKICVFIFAFVIPVLIIIVCYTLMILRLKSVRLLSGSREKDRNLRRITRLVLVVVAVFVVCWTPIHIFILVEALGSTSHSTAALSSYYFCIALGYTNSSLNPILYAFLDENFKRCFRDFCFPLKMRMERQSTSRVRNTVQDPAYLRDIDGMNKPV
48,'60',MDSPIQIFRGEPGPTCAPSACLPPNSSAWFPGWAEPDSNGSAGSEDAQLEPAHISPAIPVIITAVYSVVFVVGLVGNSLVMFVIIRYTKMKTATNIYIFNLALADALVTTTMPFASTVYLMNSWPFGDVLCKIVISIDYYNMFTSIFTLTMMSVDRYIAVCHPVKALDFRTPLKAKIINICIWLLSSSVGISAIVLGGTKVREDVDVIECSLQFPDDDYSWWDLFMKICVFIFAFVIPVLIIIVCYTLMILRLKSVRLLSGSREKDRNLRRITRLVLVVVAVFVVCWTPIHIFILVEALGSTSHSTAALSSYYFCIALGYTNSSLNPILYAFLDENFKRCFRDFCFPLKMRMERQSTSRVRNTVQDPAYLRDIDGMNKPV
49,'61',MDSPIQIFRGEPGPTCAPSACLPPNSSAWFPGWAEPDSNGSAGSEDAQLEPAHISPAIPVIITAVYSVVFVVGLVGNSLVMFVIIRYTKMKTATNIYIFNLALADALVTTTMPFQSTVALMNSWPFGDVLCKIVISIDYYNMFTSIFTLTMMSVDRYIAVCHPVKALDFRTPLKAKIINICIWLLSSSVGISAIVLGGTKVREDVDVIECSLQFPDDDYSWWDLFMKICVFIFAFVIPVLIIIVCYTLMILRLKSVRLLSGSREKDRNLRRITRLVLVVVAVFVVCWTPIHIFILVEALGSTSHSTAALSSYYFCIALGYTNSSLNPILYAFLDENFKRCFRDFCFPLKMRMERQSTSRVRNTVQDPAYLRDIDGMNKPV
50,'62',MDSPIQIFRGEPGPTCAPSACLPPNSSAWFPGWAEPDSNGSAGSEDAQLEPAHISPAIPVIITAVYSVVFVVGLVGNSLVMFVIIRYTKMKTATNIYIFNLALADALVTTTMPFQSTVFLMNSWPFGDVLCKIVISIDYYNMFTSIFTLTMMSVDRYIAVCHPVKALDFRTPLKAKIINICIWLLSSSVGISAIVLGGTKVREDVDVIECSLQFPDDDYSWWDLFMKICVFIFAFVIPVLIIIVCYTLMILRLKSVRLLSGSREKDRNLRRITRLVLVVVAVFVVCWTPIHIFILVEALGSTSHSTAALSSYYFCIALGYTNSSLNPILYAFLDENFKRCFRDFCFPLKMRMERQSTSRVRNTVQDPAYLRDIDGMNKPV
51,'63',MDSPIQIFRGEPGPTCAPSACLPPNSSAWFPGWAEPDSNGSAGSEDAQLEPAHISPAIPVIITAVYSVVFVVGLVGNSLVMFVIIRYTKMKTATNIYIFNLALADALVTTTMPFQSTVYLMNSWPFGDVLCKIVASIDYYNMFTSIFTLTMMSVDRYIAVCHPVKALDFRTPLKAKIINICIWLLSSSVGISAIVLGGTKVREDVDVIECSLQFPDDDYSWWDLFMKICVFIFAFVIPVLIIIVCYTLMILRLKSVRLLSGSREKDRNLRRITRLVLVVVAVFVVCWTPIHIFILVEALGSTSHSTAALSSYYFCIALGYTNSSLNPILYAFLDENFKRCFRDFCFPLKMRMERQSTSRVRNTVQDPAYLRDIDGMNKPV
52,'64',MDSPIQIFRGEPGPTCAPSACLPPNSSAWFPGWAEPDSNGSAGSEDAQLEPAHISPAIPVIITAVYSVVFVVGLVGNSLVMFVIIRYTKMKTATNIYIFNLALADALVTTTMPFQSTVYLMNSWPFGDVLCKIVISIAYYNMFTSIFTLTMMSVDRYIAVCHPVKALDFRTPLKAKIINICIWLLSSSVGISAIVLGGTKVREDVDVIECSLQFPDDDYSWWDLFMKICVFIFAFVIPVLIIIVCYTLMILRLKSVRLLSGSREKDRNLRRITRLVLVVVAVFVVCWTPIHIFILVEALGSTSHSTAALSSYYFCIALGYTNSSLNPILYAFLDENFKRCFRDFCFPLKMRMERQSTSRVRNTVQDPAYLRDIDGMNKPV
53,'65',MDSPIQIFRGEPGPTCAPSACLPPNSSAWFPGWAEPDSNGSAGSEDAQLEPAHISPAIPVIITAVYSVVFVVGLVGNSLVMFVIIRYTKMKTATNIYIFNLALADALVTTTMPFQSTVYLMNSWPFGDVLCKIVISIDAYNMFTSIFTLTMMSVDRYIAVCHPVKALDFRTPLKAKIINICIWLLSSSVGISAIVLGGTKVREDVDVIECSLQFPDDDYSWWDLFMKICVFIFAFVIPVLIIIVCYTLMILRLKSVRLLSGSREKDRNLRRITRLVLVVVAVFVVCWTPIHIFILVEALGSTSHSTAALSSYYFCIALGYTNSSLNPILYAFLDENFKRCFRDFCFPLKMRMERQSTSRVRNTVQDPAYLRDIDGMNKPV
54,'66',MDSPIQIFRGEPGPTCAPSACLPPNSSAWFPGWAEPDSNGSAGSEDAQLEPAHISPAIPVIITAVYSVVFVVGLVGNSLVMFVIIRYTKMKTATNIYIFNLALADALVTTTMPFQSTVYLMNSWPFGDVLCKIVISIDFYNMFTSIFTLTMMSVDRYIAVCHPVKALDFRTPLKAKIINICIWLLSSSVGISAIVLGGTKVREDVDVIECSLQFPDDDYSWWDLFMKICVFIFAFVIPVLIIIVCYTLMILRLKSVRLLSGSREKDRNLRRITRLVLVVVAVFVVCWTPIHIFILVEALGSTSHSTAALSSYYFCIALGYTNSSLNPILYAFLDENFKRCFRDFCFPLKMRMERQSTSRVRNTVQDPAYLRDIDGMNKPV
55,'67',MDSPIQIFRGEPGPTCAPSACLPPNSSAWFPGWAEPDSNGSAGSEDAQLEPAHISPAIPVIITAVYSVVFVVGLVGNSLVMFVIIRYTKMKTATNIYIFNLALADALVTTTMPFQSTVYLMNSWPFGDVLCKIVISIDYYNAFTSIFTLTMMSVDRYIAVCHPVKALDFRTPLKAKIINICIWLLSSSVGISAIVLGGTKVREDVDVIECSLQFPDDDYSWWDLFMKICVFIFAFVIPVLIIIVCYTLMILRLKSVRLLSGSREKDRNLRRITRLVLVVVAVFVVCWTPIHIFILVEALGSTSHSTAALSSYYFCIALGYTNSSLNPILYAFLDENFKRCFRDFCFPLKMRMERQSTSRVRNTVQDPAYLRDIDGMNKPV
56,'68',MDSPIQIFRGEPGPTCAPSACLPPNSSAWFPGWAEPDSNGSAGSEDAQLEPAHISPAIPVIITAVYSVVFVVGLVGNSLVMFVIIRYTKMKTATNIYIFNLALADALVTTTMPFQSTVYLMNSWPFGDVLCKIVISIDYYNMFTSIFTLTMMSVDRYIAVCHPVKALDFRTPLKAKIINICIWLLSSSVGISAIVLGGTAVREDVDVIECSLQFPDDDYSWWDLFMKICVFIFAFVIPVLIIIVCYTLMILRLKSVRLLSGSREKDRNLRRITRLVLVVVAVFVVCWTPIHIFILVEALGSTSHSTAALSSYYFCIALGYTNSSLNPILYAFLDENFKRCFRDFCFPLKMRMERQSTSRVRNTVQDPAYLRDIDGMNKPV
57,'69',MDSPIQIFRGEPGPTCAPSACLPPNSSAWFPGWAEPDSNGSAGSEDAQLEPAHISPAIPVIITAVYSVVFVVGLVGNSLVMFVIIRYTKMKTATNIYIFNLALADALVTTTMPFQSTVYLMNSWPFGDVLCKIVISIDYYNMFTSIFTLTMMSVDRYIAVCHPVKALDFRTPLKAKIINICIWLLSSSVGISAIVLGGTKVREDVDVIECSAQFPDDDYSWWDLFMKICVFIFAFVIPVLIIIVCYTLMILRLKSVRLLSGSREKDRNLRRITRLVLVVVAVFVVCWTPIHIFILVEALGSTSHSTAALSSYYFCIALGYTNSSLNPILYAFLDENFKRCFRDFCFPLKMRMERQSTSRVRNTVQDPAYLRDIDGMNKPV
58,'70',MDSPIQIFRGEPGPTCAPSACLPPNSSAWFPGWAEPDSNGSAGSEDAQLEPAHISPAIPVIITAVYSVVFVVGLVGNSLVMFVIIRYTKMKTATNIYIFNLALADALVTTTMPFQSTVYLMNSWPFGDVLCKIVISIDYYNMFTSIFTLTMMSVDRYIAVCHPVKALDFRTPLKAKIINICIWLLSSSVGISAIVLGGTKVREDVDVIECSLQFPDDDYSWWDLFAKICVFIFAFVIPVLIIIVCYTLMILRLKSVRLLSGSREKDRNLRRITRLVLVVVAVFVVCWTPIHIFILVEALGSTSHSTAALSSYYFCIALGYTNSSLNPILYAFLDENFKRCFRDFCFPLKMRMERQSTSRVRNTVQDPAYLRDIDGMNKPV
59,'71',MDSPIQIFRGEPGPTCAPSACLPPNSSAWFPGWAEPDSNGSAGSEDAQLEPAHISPAIPVIITAVYSVVFVVGLVGNSLVMFVIIRYTKMKTATNIYIFNLALADALVTTTMPFQSTVYLMNSWPFGDVLCKIVISIDYYNMFTSIFTLTMMSVDRYIAVCHPVKALDFRTPLKAKIINICIWLLSSSVGISAIVLGGTKVREDVDVIECSLQFPDDDYSWWDLFMAICVFIFAFVIPVLIIIVCYTLMILRLKSVRLLSGSREKDRNLRRITRLVLVVVAVFVVCWTPIHIFILVEALGSTSHSTAALSSYYFCIALGYTNSSLNPILYAFLDENFKRCFRDFCFPLKMRMERQSTSRVRNTVQDPAYLRDIDGMNKPV
60,'72',MDSPIQIFRGEPGPTCAPSACLPPNSSAWFPGWAEPDSNGSAGSEDAQLEPAHISPAIPVIITAVYSVVFVVGLVGNSLVMFVIIRYTKMKTATNIYIFNLALADALVTTTMPFQSTVYLMNSWPFGDVLCKIVISIDYYNMFTSIFTLTMMSVDRYIAVCHPVKALDFRTPLKAKIINICIWLLSSSVGISAIVLGGTKVREDVDVIECSLQFPDDDYSWWDLFMKICVFIFAFVIPVLIIIVCYTLMILRLKSVRLLSGSREKDRNLRRITRLVLVVVAVFVVCWTPIAIFILVEALGSTSHSTAALSSYYFCIALGYTNSSLNPILYAFLDENFKRCFRDFCFPLKMRMERQSTSRVRNTVQDPAYLRDIDGMNKPV
61,'73',MDSPIQIFRGEPGPTCAPSACLPPNSSAWFPGWAEPDSNGSAGSEDAQLEPAHISPAIPVIITAVYSVVFVVGLVGNSLVMFVIIRYTKMKTATNIYIFNLALADALVTTTMPFQSTVYLMNSWPFGDVLCKIVISIDYYNMFTSIFTLTMMSVDRYIAVCHPVKALDFRTPLKAKIINICIWLLSSSVGISAIVLGGTKVREDVDVIECSLQFPDDDYSWWDLFMKICVFIFAFVIPVLIIIVCYTLMILRLKSVRLLSGSREKDRNLRRITRLVLVVVAVFVVCWTPIFIFILVEALGSTSHSTAALSSYYFCIALGYTNSSLNPILYAFLDENFKRCFRDFCFPLKMRMERQSTSRVRNTVQDPAYLRDIDGMNKPV
62,'74',MDSPIQIFRGEPGPTCAPSACLPPNSSAWFPGWAEPDSNGSAGSEDAQLEPAHISPAIPVIITAVYSVVFVVGLVGNSLVMFVIIRYTKMKTATNIYIFNLALADALVTTTMPFQSTVYLMNSWPFGDVLCKIVISIDYYNMFTSIFTLTMMSVDRYIAVCHPVKALDFRTPLKAKIINICIWLLSSSVGISAIVLGGTKVREDVDVIECSLQFPDDDYSWWDLFMKICVFIFAFVIPVLIIIVCYTLMILRLKSVRLLSGSREKDRNLRRITRLVLVVVAVFVVCWTPIHIFALVEALGSTSHSTAALSSYYFCIALGYTNSSLNPILYAFLDENFKRCFRDFCFPLKMRMERQSTSRVRNTVQDPAYLRDIDGMNKPV
63,'75',MDSPIQIFRGEPGPTCAPSACLPPNSSAWFPGWAEPDSNGSAGSEDAQLEPAHISPAIPVIITAVYSVVFVVGLVGNSLVMFVIIRYTKMKTATNIYIFNLALADALVTTTMPFQSTVYLMNSWPFGDVLCKIVISIDYYNMFTSIFTLTMMSVDRYIAVCHPVKALDFRTPLKAKIINICIWLLSSSVGISAIVLGGTKVREDVDVIECSLQFPDDDYSWWDLFMKICVFIFAFVIPVLIIIVCYTLMILRLKSVRLLSGSREKDRNLRRITRLVLVVVAVFVVCWTPIHIFILVAALGSTSHSTAALSSYYFCIALGYTNSSLNPILYAFLDENFKRCFRDFCFPLKMRMERQSTSRVRNTVQDPAYLRDIDGMNKPV
64,'76',MDSPIQIFRGEPGPTCAPSACLPPNSSAWFPGWAEPDSNGSAGSEDAQLEPAHISPAIPVIITAVYSVVFVVGLVGNSLVMFVIIRYTKMKTATNIYIFNLALADALVTTTMPFQSTVYLMNSWPFGDVLCKIVISIDYYNMFTSIFTLTMMSVDRYIAVCHPVKALDFRTPLKAKIINICIWLLSSSVGISAIVLGGTKVREDVDVIECSLQFPDDDYSWWDLFMKICVFIFAFVIPVLIIIVCYTLMILRLKSVRLLSGSREKDRNLRRITRLVLVVVAVFVVCWTPIHIFILVEALGSTSHSTAALSSAYFCIALGYTNSSLNPILYAFLDENFKRCFRDFCFPLKMRMERQSTSRVRNTVQDPAYLRDIDGMNKPV
65,'77',MDSPIQIFRGEPGPTCAPSACLPPNSSAWFPGWAEPDSNGSAGSEDAQLEPAHISPAIPVIITAVYSVVFVVGLVGNSLVMFVIIRYTKMKTATNIYIFNLALADALVTTTMPFQSTVYLMNSWPFGDVLCKIVISIDYYNMFTSIFTLTMMSVDRYIAVCHPVKALDFRTPLKAKIINICIWLLSSSVGISAIVLGGTKVREDVDVIECSLQFPDDDYSWWDLFMKICVFIFAFVIPVLIIIVCYTLMILRLKSVRLLSGSREKDRNLRRITRLVLVVVAVFVVCWTPIHIFILVEALGSTSHSTAALSSFYFCIALGYTNSSLNPILYAFLDENFKRCFRDFCFPLKMRMERQSTSRVRNTVQDPAYLRDIDGMNKPV
66,'78',MDSPIQIFRGEPGPTCAPSACLPPNSSAWFPGWAEPDSNGSAGSEDAQLEPAHISPAIPVIITAVYSVVFVVGLVGNSLVMFVIIRYTKMKTATNIYIFNLALADALVTTTMPFQSTVYLMNSWPFGDVLCKIVISIDYYNMFTSIFTLTMMSVDRYIAVCHPVKALDFRTPLKAKIINICIWLLSSSVGISAIVLGGTKVREDVDVIECSLQFPDDDYSWWDLFMKICVFIFAFVIPVLIIIVCYTLMILRLKSVRLLSGSREKDRNLRRITRLVLVVVAVFVVCWTPIHIFILVEALGSTSHSTAALSSYAFCIALGYTNSSLNPILYAFLDENFKRCFRDFCFPLKMRMERQSTSRVRNTVQDPAYLRDIDGMNKPV
67,'79',MDSPIQIFRGEPGPTCAPSACLPPNSSAWFPGWAEPDSNGSAGSEDAQLEPAHISPAIPVIITAVYSVVFVVGLVGNSLVMFVIIRYTKMKTATNIYIFNLALADALVTTTMPFQSTVYLMNSWPFGDVLCKIVISIDYYNMFTSIFTLTMMSVDRYIAVCHPVKALDFRTPLKAKIINICIWLLSSSVGISAIVLGGTKVREDVDVIECSLQFPDDDYSWWDLFMKICVFIFAFVIPVLIIIVCYTLMILRLKSVRLLSGSREKDRNLRRITRLVLVVVAVFVVCWTPIHIFILVEALGSTSHSTAALSSYFFCIALGYTNSSLNPILYAFLDENFKRCFRDFCFPLKMRMERQSTSRVRNTVQDPAYLRDIDGMNKPV
68,'80',MDSPIQIFRGEPGPTCAPSACLPPNSSAWFPGWAEPDSNGSAGSEDAQLEPAHISPAIPVIITAVYSVVFVVGLVGNSLVMFVIIRYTKMKTATNIYIFNLALADALVTTTMPFQSTVYLMNSWPFGDVLCKIVISIDYYNMFTSIFTLTMMSVDRYIAVCHPVKALDFRTPLKAKIINICIWLLSSSVGISAIVLGGTKVREDVDVIECSLQFPDDDYSWWDLFMKICVFIFAFVIPVLIIIVCYTLMILRLKSVRLLSGSREKDRNLRRITRLVLVVVAVFVVCWTPIHIFILVEALGSTSHSTAALSSYYFCAALGYTNSSLNPILYAFLDENFKRCFRDFCFPLKMRMERQSTSRVRNTVQDPAYLRDIDGMNKPV
69,'81',MDSPIQIFRGEPGPTCAPSACLPPNSSAWFPGWAEPDSNGSAGSEDAQLEPAHISPAIPVIITAVYSVVFVVGLVGNSLVMFVIIRYTKMKTATNIYIFNLALADALVTTTMPFQSTVYLMNSWPFGDVLCKIVISIDYYNMFTSIFTLTMMSVDRYIAVCHPVKALDFRTPLKAKIINICIWLLSSSVGISAIVLGGTKVREDVDVIECSLQFPDDDYSWWDLFMKICVFIFAFVIPVLIIIVCYTLMILRLKSVRLLSGSREKDRNLRRITRLVLVVVAVFVVCWTPIHIFILVEALGSTSHSTAALSSYYFCIALGATNSSLNPILYAFLDENFKRCFRDFCFPLKMRMERQSTSRVRNTVQDPAYLRDIDGMNKPV
70,'82',MDSPIQIFRGEPGPTCAPSACLPPNSSAWFPGWAEPDSNGSAGSEDAQLEPAHISPAIPVIITAVYSVVFVVGLVGNSLVMFVIIRYTKMKTATNIYIFNLALADALVTTTMPFQSTVYLMNSWPFGDVLCKIVISIDYYNMFTSIFTLTMMSVDRYIAVCHPVKALDFRTPLKAKIINICIWLLSSSVGISAIVLGGTKVREDVDVIECSLQFPDDDYSWWDLFMKICVFIFAFVIPVLIIIVCYTLMILRLKSVRLLSGSREKDRNLRRITRLVLVVVAVFVVCWTPIHIFILVEALGSTSHSTAALSSYYFCIALGFTNSSLNPILYAFLDENFKRCFRDFCFPLKMRMERQSTSRVRNTVQDPAYLRDIDGMNKPV
71,'83',MDSPIQIFRGEPGPTCAPSACLPPNSSAWFPGWAEPDSNGSAGSEDAQLEPAHISPAIPVIITAVYSVVFVVGLVGNSLVMFVIIRYTKMKTATNIYIFNLALADALVTTTMPFQSTVYLMNSWPFGDVLCKIVISIDYYNMFTSIFTLTMMSVDRYIAVCHPVKALDFRTPLKAKIINICIWLLSSSVGISAIVLGGTKVREDVDVIECSLQFPDDDYSWWDLFMKICVFIFAFVIPVLIIIVCYTLMILRLKSVRLLSGSREKDRNLRRITRLVLVVVAVFVVCWTPIHIFILVEALGSTSHSTAALSSYYFCIALGYTNSSLNPILYAFLDENFKRCFRDFCFPLKMRMERQSTSRVRNTVQDPAYLRDIDGMNKPV
72,'84',MDSPIQIFRGEPGPTCAPSACLPPNSSAWFPGWAEPDSNGSAGSEDAQLEPAHISPAIPVIITAVYSVVFVVGLVGNSLVMFVIIRYTKMKTATNIYIFNLALADALVTTTMPFQSTVYLMNSWPFGDVLCKIVISINYYNMFTSIFTLTMMSVDRYIAVCHPVKALDFRTPLKAKIINICIWLLSSSVGISAIVLGGTKVREDVDVIECSLQFPDDDYSWWDLFMKICVFIFAFVIPVLIIIVCYTLMILRLKSVRLLSGSREKDRNLRRITRLVLVVVAVFVVCWTPIHIFILVEALGSTSHSTAALSSYYFCIALGYTNSSLNPILYAFLDENFKRCFRDFCFPLKMRMERQSTSRVRNTVQDPAYLRDIDGMNKPV
73,'85',MDTKHFLPLDFSTQVNSSLTSPTGRGSMAAPSLHPSLGPGIGSPGQLHSPISTLSSPINGMGPPFSVISSPMGPHSMSVPTTPTLGFSTGSPQLSSPMNPVSSSEDIKPPLGLNGVLKVPAHPSGNMASFTKHICAICGDRSSGKHYGVYSCEGCKGFFKRTVRKDLTYTCRDNKDCLIDKRQRNRCQYCRYQKCLAMGMKREAVQEERQRGKDRNENEVESTSSANEDMPVERILEAELAVEPKTETYVEANMGLNPSSPNDPVTNICQAADKQLFTLVEWAKRIPHFSELPLDDQVILLRAGWNELLIASFSHRSIAVKDGILLATGLHVHRNSAHSAGVGAIFDRVLTELVSKMRDMQMDKTELGCLRAIVLFNPDSKGLSNPAEVEALREKVYASLEAYCKHKYPEQPGRFAKLLLRLPALRSIGLKCLEHLFFFKLIGDTPIDTFLMEMLEAPHQMT
74,'86',MDVVDSLLVNGSNITPPCELGLENETLFCLDQPRPSKEWQPAVQILLYSLIFLLSVLGNTLVITVLIRNKRMRTVTNIFLLSLAVSDLMLCLFCMPFNLIPNLLKDFIFGSAVCKTTTYFMGTSVSVSTFNLVAISLERYGAICKPLQSRVWQTKSHALKVIAATWCLSFTIMTPYPIYSNLVPFTKNNNQTANMCRFLLPNDVMQQSWHTFLLLILFLIPGIVMMVAYGLISLELYQGIKFEASQKKSAKERKPSTTSSGKYEDSDGCYLQKTRPPRKLELRQLSTGSSSRANRIRSNSSAANLMAKKRVIRMLIVIVVLFFLCWMPIFSANAWRAYDTASAERRLSGTPISFILLLSYTSSCVNPIIYCFMNKRFRLGFMATFPCCPNPGPPGARGEVGEEEEGGTTGASLSRFSYSHMSASVPPQ
75,'87',MEEPEEPADSGQSLVPVYIYSPEYVSMCDSLAKIPKRASMVHSLIEAYALHKQMRIVKPKVASMEEMATFHTDAYLQHLQKVSQEGDDDHPDSIEYGLGYDCPATEGIFDYAAAIGGATITAAQCLIDGMCKVAINWSGGWHHAKKDEASGFCYLNDAVLGILRLRRKFERILYVDLDLHHGDGVEDAFSFTSKVMTVSLHKFSPGFFPGTGDVSDVGLGKGRYYSVNVPIQDGIQDEKYYQICESVLKEVYQAFNPKAVVLQLGADTIAGDPMCSFNMTPVGIGKCLKYILQWQLATLILGGGGYNLANTARCWTYLTGVILGKTLSSEIPDHEFFTAYGPDYVLEITPSCRPDRNEPHRIQQILNYIKGNLKHVV
76,'88',MELLKLNRSVQGTGPGPGASLCRPGAPLLNSSSVGNLSCEPPRIRGAGTRELELAIRITLYAVIFLMSVGGNMLIIVVLGLSRRLRTVTNAFLLSLAVSDLLLAVACMPFTLLPNLMGTFIFGTVICKAVSYLMGVSVSVSTLSLVAIALERYSAICRPLQARVWQTRSHAARVIVATWLLSGLLMVPYPVYTVVQPVGPRVLQCVHRWPSARVRQTWSVLLLLLLFFIPGVVMAVAYGLISRELYLGLRFDGDSDSDSQSRVRNQGGLPGAVHQNGRCRPETGAVGEDSDGCYVQLPRSRPALELTALTAPGPGSGSRPTQAKLLAKKRVVRMLLVIVVLFFLCWLPVYSANTWRAFDGPGAHRALSGAPISFIHLLSYASACVNPLVYCFMHRRFRQACLETCARCCPRPPRARPRALPDEDPPTPSIASLSRLSYTTISTLGPG
77,'89',MENFQKVEKIGEGTYGVVYKARNKLTGEVVALKKIRLDTETEGVPSTAIREISLLKELNHPNIVKLLDVIHTENKLYLVFEFLHQDLKKFMDASALTGIPLPLIKSYLFQLLQGLAFCHSHRVLHRDLKPQNLLINTEGAIKLADFGLARAFGVPVRTYTHEVVTLWYRAPEILLGCKYYSTAVDIWSLGCIFAEMVTRRALFPGDSEIDQLFRIFRTLGTPDEVVWPGVTSMPDYKPSFPKWARQDFSKVVPPLDEDGRSLLSQMLHYDPNKRISAKAALAHPFFQDVTKPVPHLRL
78,'90',MENFQKVEKIGEGTYGVVYKARNKLTGEVVALKKIRLDTETEGVPSTAIREISLLKELNHPNIVKLLDVIHTENKLYLVFEFLHQDLKKFMDASALTGIPLPLIKSYLFQLLQGLAFCHSHRVLHRDLKPQNLLINTEGAIKLCDFGLARAFGVPVRTYTHEVVTLWYRAPEILLGCKYYSTAVDIWSLGCIFAEMVTRRALFPGDSEIDQLFRIFRTLGTPDEVVWPGVTSMPDYKPSFPKWARQDFSKVVPPLDEDGRSLLSQMLHYDPNKRISAKAALAHPFFQDVTKPVPHLRL
79,'91',MENFQKVEKIGEGTYGVVYKARNKLTGEVVALKKIRLDTETEGVPSTAIREISLLKELNHPNIVKLLDVIHTENKLYLVFEFLHQDLKKFMDASALTGIPLPLIKSYLFQLLQGLAFLHSHRVLHRDLKPQNLLINTEGAIKLADFGLARAFGVPVRTYTHEVVTLWYRAPEILLGCKYYSTAVDIWSLGCIFAEMVTRRALFPGDSEIDQLFRIFRTLGTPDEVVWPGVTSMPDYKPSFPKWARQDFSKVVPPLDEDGRSLLSQMLHYDPNKRISAKAALAHPFFQDVTKPVPHLRL
80,'92',MENFQKVEKIGEGTYGVVYKARNKLTGEVVALKKIRLDTETEGVPSTAIREISLLKELNHPNIVKLLDVIHTENKLYLVFEFLHQDLKKFMDASALTGIPLPLIKSYLFQLLQGLAFLHSHRVLHRDLKPQNLLINTEGAIKLCDFGLARAFGVPVRTYTHEVVTLWYRAPEILLGCKYYSTAVDIWSLGCIFAEMVTRRALFPGDSEIDQLFRIFRTLGTPDEVVWPGVTSMPDYKPSFPKWARQDFSKVVPPLDEDGRSLLSQMLHYDPNKRISAKAALAHPFFQDVTKPVPHLRL
81,'93',MEQKPSKVECGSDPEENSARSPDGKRKRKNGQCSLKTSMSGYIPSYLDKDEQCVVCGDKATGYHYRCITCEGCKGFFRRTIQKNLHPTYSCKYDSCCVIDKITRNQCQLCRFKKCIAVGMAMDLVLDDSKRVAKRKLIEQNRERRRKEEMIRSLQQRPEPTPEEWDLIHIATEAHRSTNAQGSHWKQRRKFLPDDIGQSPIVSMPDGDKVDLEAFSEFTKIITPAITRVVDFAKKLPMFSELPCEDQIILLKGCCMEIMSLRAAVRYDPESDTLTLSGEMAVKREQLKNGGLGVVSDAIFELGKSLSAFNLDDTEVALLQAVLLMSTDRSGLLCVDKIEKSQEAYLLAFEHYVNHRKHNIPHFWPKLLMKEREVQSSILYKGAAAEGRPGGSLGVHPEGQQLLGMHVVQGPQVRQLEQQLGEAGSLQGPVLQHQSPKSPQQRLLELLHRSGILHARAVCGEDDSSEADSPSSSEEEPEVCEDLAGNAASP
82,'94',MESGSTAASEEARSLRECELYVQKHNIQALLKDSIVQLCTARPERPMAFLREYFERLEKEEAKQIQNLQKAGTRTDSREDEISPPPPNPVVKGRRRRGAISAEVYTEEDAASYVRKVIPKDYKTMAALAKAIEKNVLFSHLDDNERSDIFDAMFSVSFIAGETVIQQGDEGDNFYVIDQGETDVYVNNEWATSVGEGGSFGELALIYGTPRAATVKAKTNVKLWGIDRDSYRRILMGSTLAKRKMYEEFLSKVSILESLDKWERLTVADALEPVQFEDGQKIVVQGEPGDEFFIILEGSAAVLQRRSENEEFVEVGRLGPSDYFGEIALLMNRPRAATVVARGPLKCVKLDRPRFERVLGPCSDILKRNIQQYNSFVSLSV
83,'95',MESGSTAASEEARSLRECELYVQKHNIQALLKDSIVQLCTARPERPMAFLREYFERLEKEEAKQIQNLQKAGTRTDSREDEISPPPPNPVVKGRRRRGAISAEVYTEEDAASYVRKVIPKDYKTMAALAKAIEKNVLFSHLDDNERSDIFDAMFSVSFIAGETVIQQGDEGDNFYVIDQGETDVYVNNEWATSVGEGGSFGELALIYGTPRAATVKAKTNVKLWGIDRDSYRRILMGSTLRARKMYEEFLSKVSILESLDKWERLTVADALEPVQFEDGQKIVVQGEPGDEFFIILEGSAAVLQRRSENEEFVEVGRLGPSDYFGEIALLMNRPRAATVVARGPLKCVKLDRPRFERVLGPCSDILKRNIQQYNSFVSLSV
84,'96',MESGSTAASEEARSLRECELYVQKHNIQALLKDSIVQLCTARPERPMAFLREYFERLEKEEAKQIQNLQKAGTRTDSREDEISPPPPNPVVKGRRRRGAISAEVYTEEDAASYVRKVIPKDYKTMAALAKAIEKNVLFSHLDDNERSDIFDAMFSVSFIAGETVIQQGDEGDNFYVIDQGETDVYVNNEWATSVGEGGSFGELALIYGTPRAATVKAKTNVKLWGIDRDSYRRILMGSTLRKAKMYEEFLSKVSILESLDKWERLTVADALEPVQFEDGQKIVVQGEPGDEFFIILEGSAAVLQRRSENEEFVEVGRLGPSDYFGEIALLMNRPRAATVVARGPLKCVKLDRPRFERVLGPCSDILKRNIQQYNSFVSLSV
85,'97',MESGSTAASEEARSLRECELYVQKHNIQALLKDSIVQLCTARPERPMAFLREYFERLEKEEAKQIQNLQKAGTRTDSREDEISPPPPNPVVKGRRRRGAISAEVYTEEDAASYVRKVIPKDYKTMAALAKAIEKNVLFSHLDDNERSDIFDAMFSVSFIAGETVIQQGDEGDNFYVIDQGETDVYVNNEWATSVGEGGSFGELALIYGTPRAATVKAKTNVKLWGIDRDSYRRILMGSTLRKRAMYEEFLSKVSILESLDKWERLTVADALEPVQFEDGQKIVVQGEPGDEFFIILEGSAAVLQRRSENEEFVEVGRLGPSDYFGEIALLMNRPRAATVVARGPLKCVKLDRPRFERVLGPCSDILKRNIQQYNSFVSLSV
86,'98',MESGSTAASEEARSLRECELYVQKHNIQALLKDSIVQLCTARPERPMAFLREYFERLEKEEAKQIQNLQKAGTRTDSREDEISPPPPNPVVKGRRRRGAISAEVYTEEDAASYVRKVIPKDYKTMAALAKAIEKNVLFSHLDDNERSDIFDAMFSVSFIAGETVIQQGDEGDNFYVIDQGETDVYVNNEWATSVGEGGSFGELALIYGTPRAATVKAKTNVKLWGIDRDSYRRILMGSTLRKRKMYEEFLSKVSILESLDKWERLTVADALEPVQFEDGQKIVVQGEPGDEFFIILEGSAAVLQRRSENEEFVEVGRLGPSDYFGEIALLMNRPRAATVVARGPLKCVKLDRPRFERVLGPCSDILKRNIQQYNSFVSLSV
87,'99',MFERFTDRARRVVVLAQEEARMLNHNYIGTEHILLGLIHEGEGVAAKSLESLGISLEGVRSQVEEIIGQGQQAPSGHIPATPRAKKVLELSLREALQLGHNYIGTEHILLGLIREGEGVAAQVLVKLGAELTRVRQQVIQLLSGY
88,'100',MFERFTDRARRVVVLAQEEARMLNHNYIGTEHILLGLIHEGEGVAAKSLESLGISLEGVRSQVEEIIGQGQQAPSGHIPFTPRAKKVLALSLREALQLGHNYIGTEHILLGLIREGEGVAAQVLVKLGAELTRVRQQVIQLLSGY
89,'101',MFERFTDRARRVVVLAQEEARMLNHNYIGTEHILLGLIHEGEGVAAKSLESLGISLEGVRSQVEEIIGQGQQAPSGHIPFTPRAKKVLELSLREALQLGHNYIGTEHILLGLIREGEGVAAQVLVKLGAELTRVRQQVIQLLSGY
90,'102',MFERFTDRARRVVVLAQEEARMLNHNYIGTEHILLGLIHEGEGVAAKSLESLGISLEGVRSQVEEIIGQGQQAPSGHIPFTPRAKKVLELSLREALQLGHNYIGTEHILLGLIREGEGVAAQVLVKLGAELTRVRQQVIQLLSGYQGKEAAEAGTGGRGGESGSPSTSLVLDQFGRNLTAAAMEGKLDPVIGREKEIERVMQVLSRRTKNNPVLIGEPGVGKTAVVEGLAQAIVHGEVPETLKDKQLYTLDLGSLVAGSRYRGDFEERLKKVLKEINTRGDIILFIDELHTLVGAGAAEGAIDAASILKPKLARGELQTIGATTLDEYRKYIEKDAALERRFQPVQVGEPTVEHTIEILKGLRDRYEAHHRVSITDAAMVAAATLADRYINDRFLPDKAIDLIDEAGARMRIRRMTAPPDLREFDEKIAEARREKESAIDAQDFEKAASLRDREKTLVAQRAEREKQWRSGDLDVVAEVDDEQIAEVLGNWTG
91,'103',MFERFTDRARRVVVLAQEEARMLNHNYIGTEHILLGLIHEGEGVAAKSLESLGISLEGVRSQVEEIIGQGQQAPSGHIPFTPRAKKVLQLSLREALQLGHNYIGTEHILLGLIREGEGVAAQVLVKLGAELTRVRQQVIQLLSGY
92,'104',MFERFTDRARRVVVLAQEEARMLNHNYIGTEHILLGLIHEGEGVAAKSLESLGISLEGVRSQVEEIIGQGQQAPSGHIPYTPRAKKVLELSLREALQLGHNYIGTEHILLGLIREGEGVAAQVLVKLGAELTRVRQQVIQLLSGY
93,'105',MFGLKRNAVIGLNLYCGGAGLGAGSGGATRPGGRLLATEKEASARREIGGGEAGAVIGGSAGASPPSTLTPDSRRVARPPPIGAEVPDVTATPARLLFFAPTRRAAPLEEMEAPAADAIMSPEEELDGYEPEPLGKRPAVLPLLELVGESGNNTSTDGSLPSTPPPAEEEEDELYRQSLEIISRYLREQATGAKDTKPMGRSGATSRKALETLRRVGDGVQRNHETAFQGMLRKLDIKNEDDVKSLSRVMIHVFSDGVTNWGRIVTLISFGAFVAKHLKTINQESCIEPLAESITDVLVRTKRDWLVKQRGWDGFVEFFHVEDLEGGIRNVLLAFAGVAGVGAGLAYLIR
94,'106',MFIEAIVLALTALILYSVYSVKSFNTTRPTDPPVYPVTVPFLGHIVQFGKNPLEFMQRCKRDLKSGVFTISIGGQRVTIVGDPHEHSRFFSPRNEILSPREVYTIMTPVFGEGVAYAAPYPRMREQLNFLAEELTIAKFQNFVPAIQHEVRKFMAENWKEDEGVINLLEDCGAMIINTACQCLFGEDLRKRLNARHFAQLLSKMESSLIPAAVFMPWLLRLPLPQSARCREARAELQKILGEIIVAREKEEASKDNNTSDLLGGLLKAVYRDGTRMSLHEVCGMIVAAMFAGQHTSTITTSWSMLHLMHPKNKKWLDKLHKEIDEFPAQLNYDNVMDEMPFAERCVRESIRRDPPLLMVMRMVKAEVKVGSYVVPKGDIIACSPLLSHHDEEAFPNPRLWDPERDEKVDGAFIGFGAGVHKCIGQKFALLQVKTILATAFREYDFQLLRDEVPDPDYHTMVVGPTLNQCLVKYTRKKKLPS
95,'107',MGAGVLVLGASEPGNLSSAAPLPDGAATAARLLVPASPPASLLPPASESPEPLSQQWTAGMGLLMALIVLLIVAGNVLVIVAIAKTPRLQTLTNLFIMSLASADLVMGLLVVPFGATIVVWGRWEYGSFFCELWTSVDVLCVTASIETLCVIALDRYLAITSPFRYQSLLTRARARGLVCTVWAISALVSFLPILMHWWRAESDEARRCYNDPKCCDFVTNRAYAIASSVVSFYVPLCIMAFVYLRVFREAQKQVKKIDSCERRFLGGPARPPSPSPSPVPAPAPPPGPPRPAAAAATAPLANGRAGKRRPSRLVALREQKALKTLGIIMGVFTLCWLPFFLANVVKAFHRELVPDRLFVFFNWLGYANSAFNPIIYCRSPDFRKAFQRLLCCARRAARRRHATHGDRPRASGCLARPGPPPSPGAASDDDDDDVVGATPPARLLEPWAGCNGGAAADSDSSLDEPCRPGFASESKV
96,'108',MGEPRTRAEARPWVDEDLKDSSDLHQAEEDADEWQESEENVEHIPFSHNHYPEKEMVKRSQEFYELLNKRRSVRFISNEQVPMEVIDNVIRTAGTAPSGAHTEPWTFVVVKDPDVKHKIRKIIEEEEEINYMKRMGHRWVTDLKKLRTNWIKEYLDTAPILILIFKQVHGFAANGKKKVHYYNEISVSIACGILLAALQNAGLVTVTTTPLNCGPRLRVLLGRPAHEKLLMLLPVGYPSKEATVPDLKRKPLDQIMVTV
97,'109',MGNAAAAKKGSEQESVKEFLAKAKEDFLKKWESPAQNTAHLDQFERIKTLGTGSFGRVMLVKHKETGNHYAMKILDKQKVVKLKQIEHTLNEKRILQAVNFPFLVKLEFSFKDNSNLYMVMEYVPGGEMFSHLRRIGRFSEPHARFYAAQIVLTFEYLHSLDLIYRDLKPENLLIDQQGYIQVTDFGFAKRVKGRTWTLCGTPEYLAPEIILSKGYNKAVDWWALGVLIYEMAAGYPPFFADQPIQIYEKIVSGKVRFPSHFSSDLKDLLRNLLQVDLTKRFGNLKNGVNDIKNHKWFATTDWIAIYQRKVEAPFIPKFKGPGDTSNFDDYEEEEIRVSINEKCGKEFSEF
98,'110',MGQPGNGSAFLLAPNGSHAPDHDVTQERDEVWVVGMGIVMSLIVLAIVFGNVLVITAIAKFERLQTVTNYFITSLACADLVMGLAVVPFGAAHILMKMWTFGNFWCEFWTSIDVLCVTASIETLCVIAVDRYFAITSPFKYQSLLTKNKARVIILMVWIVSGLTSFLPIQMHWYRATHQEAINCYANETCCDFFTNQAYAIASSIVSFYVPLVIMVFVYSRVFQEAKRQLQKIDKSEGRFHVQNLSQVEQDGRTGHGLRRSSKFCLKEHKALKTLGIIMGTFTLCWLPFFIVNIVHVIQDNLIRKEVYILLNWIGYVNSGFNPLIYCRSPDFRIAFQELLCLRRSSLKAYGNGYSSNGNTGEQSGYHVEQEKENKLLCEDLPGTEDFVGHQGTVPSDNIDSQGRNCSTNDSLL
99,'111',MGSSHLLNKGLPLGVRPPIMNGPLHPRPLVALLDGRDCTVEMPILKDVATVAFCDAQSTQEIHEKRLNEAVGALMYHTITLTREDLEKFKALRIIVRIGSGFDNIDIKSAGDLGIAVCNVPAASVEETADSTLCHILNLYRRATWLHQALREGTRVQSVEQIREVASGAARIRGETLGIIGLGRVGQAVALRAKAFGFNVLFYDPYLSDGVERALGLQRVSTLQDLLFHSDCVTLHCGLNEHNHHLINDFTVKQMRQGAFLVNTARGGLVDEKALAQALKEGRIRGAALDVHESEPFSFSQGPLKDAPNLICTPHAAWYSEQASIEMREEAAREIRRAITGRIPDSLKNCVNKDHLTAATHWASMDPAVVHPELNGAAYRYPPGVVGVAPTGIPAAVEGIVPSAMSLSHGLPPVAHPPHAPSPGQTVKPEADRDHASDQL
100,'112',MGSSHLLNKGLPLGVRPPIMNGPLHPRPLVALLDGRDCTVEMPILKDVATVAFCDAQSTQEIHEKVLNEAVGALMYHTITLTREDLEKFKALRIIVRIGSGFDNIDIKSAGDLGIAVCNVPAASVEETADSTLCHILNLYRRATWLHQALREGTRVQSVEQIREVASGAARIRGETLGIIGLGRVGQAVALRAKAFGFNVLFYDPYLSDGVERALGLQRVSTLQDLLFHSDCVTLHCGLNEHNHHLINDFTVKQMRQGAFLVNTAQGGLVDEKALAQALKEGRIRGAALDVHESEPFSFSQGPLKDAPNLICTPHAAWYSEQASIEMREEAAREIRRAITGRIPDSLKNCVNKDHLTAATHWASMDPAVVHPELNGAAYRYPPGVVGVAPTGIPAAVEGIVPSAMSLSHGLPPVAHPPHAPSPGQTVKPEADRDHASDQL
101,'113',MGSSHLLNKGLPLGVRPPIMNGPLHPRPLVALLDGRDCTVEMPILKDVATVAFCDAQSTQEIHEKVLNEAVGALMYHTITLTREDLEKFKALRIIVRIGSGFDNIDIKSAGDLGIAVCNVPAASVEETADSTLCHILNLYRRATWLHQALREGTRVQSVEQIREVASGAARIRGETLGIIGLGRVGQAVALRAKAFGFNVLFYDPYLSDGVERALGLQRVSTLQDLLFHSDCVTLHCGLNEHNHHLINDFTVKQMRQGAFLVNTARGGLVDEKALAQALKEGRIRGAALDVHESAPFSFSQGPLKDAPNLICTPHAAWYSEQASIEMREEAAREIRRAITGRIPDSLKNCVNKDHLTAATHWASMDPAVVHPELNGAAYRYPPGVVGVAPTGIPAAVEGIVPSAMSLSHGLPPVAHPPHAPSPGQTVKPEADRDHASDQL
102,'114',MGSSHLLNKGLPLGVRPPIMNGPLHPRPLVALLDGRDCTVEMPILKDVATVAFCDAQSTQEIHEKVLNEAVGALMYHTITLTREDLEKFKALRIIVRIGSGFDNIDIKSAGDLGIAVCNVPAASVEETADSTLCHILNLYRRATWLHQALREGTRVQSVEQIREVASGAARIRGETLGIIGLGRVGQAVALRAKAFGFNVLFYDPYLSDGVERALGLQRVSTLQDLLFHSDCVTLHCGLNEHNHHLINDFTVKQMRQGAFLVNTARGGLVDEKALAQALKEGRIRGAALDVHESEPFSFSQGPLKDAPNLICTPAAAWYSEQASIEMREEAAREIRRAITGRIPDSLKNCVNKDHLTAATHWASMDPAVVHPELNGAAYRYPPGVVGVAPTGIPAAVEGIVPSAMSLSHGLPPVAHPPHAPSPGQTVKPEADRDHASDQL
103,'115',MGSSHLLNKGLPLGVRPPIMNGPLHPRPLVALLDGRDCTVEMPILKDVATVAFCDAQSTQEIHEKVLNEAVGALMYHTITLTREDLEKFKALRIIVRIGSGFDNIDIKSAGDLGIAVCNVPAASVEETADSTLCHILNLYRRATWLHQALREGTRVQSVEQIREVASGAARIRGETLGIIGLGRVGQAVALRAKAFGFNVLFYDPYLSDGVERALGLQRVSTLQDLLFHSDCVTLHCGLNEHNHHLINDFTVKQMRQGAFLVNTARGGLVDEKALAQALKEGRIRGAALDVHESEPFSFSQGPLKDAPNLICTPHAAFYSEQASIEMREEAAREIRRAITGRIPDSLKNCVNKDHLTAATHWASMDPAVVHPELNGAAYRYPPGVVGVAPTGIPAAVEGIVPSAMSLSHGLPPVAHPPHAPSPGQTVKPEADRDHASDQL
104,'116',MGSSHLLNKGLPLGVRPPIMNGPLHPRPLVALLDGRDCTVEMPILKDVATVAFCDAQSTQEIHEKVLNEAVGALMYHTITLTREDLEKFKALRIIVRIGSGFDNIDIKSAGDLGIAVCNVPAASVEETADSTLCHILNLYRRATWLHQALREGTRVQSVEQIREVASGAARIRGETLGIIGLGRVGQAVALRAKAFGFNVLFYDPYLSDGVERALGLQRVSTLQDLLFHSDCVTLHCGLNEHNHHLINDFTVKQMRQGAFLVNTARGGLVDEKALAQALKEGRIRGAALDVHESEPFSFSQGPLKDAPNLICTPHAAWYSEQASIEMREEAAREIRRAITGRIPDSLKNCVNKDHLTAATHWASMDPAVVHPELNGAAYRYPPGVVGVAPTGIPAAVEGIVPSAMSLSHGLPPVAHPPHAPSPGQTVKPEADRDHASDQL
105,'117',MGSSHLLNKGLPLGVRPPIMNGPLHPRPLVALLDGRDCTVEMPILKDVATVDFCDAQSTQEIHEKVLNEAVGALMYHTITLTREDLEKFKALRIIVRIGSGFDNIDIKSAGDLGIAVCNVPAASVEETADSTLCHILNLYRRATWLHQALREGTRVQSVEQIREVASGAARIRGETLGIIGLGRVGQAVALRAKAFGFNVLFYDPYLSDGVERALGLQRVSTLQDLLFHSDCVTLHCGLNEHNHHLINDFTVKQMRQGAFLVNTARGGLVDEKALAQALKEGRIRGAALDVHESEPFSFSQGPLKDAPNLICTPHAAWYSEQASIEMREEAAREIRRAITGRIPDSLKNCVNKDHLTAATHWASMDPAVVHPELNGAAYRYPPGVVGVAPTGIPAAVEGIVPSAMSLSHGLPPVAHPPHAPSPGQTVKPEADRDHASDQL
106,'118',MGSSVYITVELAIAVLAILGNVLVCWAVWINSNLQNVTNFFVVSLAAADIAVGVLAIPFAITISTGFCAACHGCLFFACFVLVLTQSSIFSLLAIAIDRYIAIRIPLRYNGLVTGVRAKGIIAICWVLSFAIGLTPMLGWNNCSQKDGNSTKTCGEGRVTCLFEDVVPMNYMVYYNFFAFVLLPLLLMLAIYLRIFLAARRQLKQMESQPLPGERTRSTLQKEVHAAKSLAIIVGLFALCWLPLHIINCFTFFCSTCRHAPPWLMYLAIILSHSNSVVNPFIYAYRIREFRQTFRKIIRTHVLRRQEPFQAGGSSAWALAAHSTEGEQVSLRLNGHPLGVWANGSATHSGRRPNGYTLGLGGGGSAQGSPRDVELPTQERQEGQEHPGLRGHLVQARVGASSWSSEFAPS
107,'119',MHHHHHHSSGVDLGTENLYFQSMTDCEFGYIYRLAQDYLQCVLQIPQPGSGPSKTSRVLQNVAFSVQKEVEKNLKSCLDNVNVVSVDTARTLFNQVMEKEFEDGIINWGRIVTIFAFEGILIKKLLRQQIAPDVDTYKEISYFVAEFIMNNTGEWIRQNGGWENGFVKKFE
108,'120',MIDKSAFVHPTAIVEEGASIGANAHIGPFCIVGPHVEIGEGTVLKSHVVVNGHTKIGRDNEIYQFASIGEVNQDLKYAGEPTRVEIGDRNRIRESVTIHRGTVQGGGLTKVGSDNLLMINAHIAHDCTVGNRCILANNATLAGHVSVDDFAIIGGMTAVHQFCIIGAHVMVGGCSGVAQDVPPYVIAQGNHATPFGVNIEGLKRRGFSREAITAIRNAYKLIYRSGKTLDEVKPEIAELAETYPEVKAFTDFFARSTRGLIR
109,'121',MIGELLLLLAAGLALYGWYFCKSFNTTRPTDPPVVHGTTPFVGHIIQFGKDPLGFMLKAKKKYGGIFTMNICGNRITVVGDVHQHSKFFTPRNEILSPREVYSFMVPVFGEGVAYAAPYPRMREQLNFLAEELTVAKFQNFAPSIQHEVRKFMKANWNKDEGEINILDDCSAMIINTACQCLFGEDLRKRLDARQFAQLLAKMESCLIPAAVFLPWILKLPLPQSYRCRDARAELQDILSEIIIAREKEEAQKDTNTSDLLAGLLGAVYRDGTRMSQHEVCGMIVAAMFAGQHTSTITTTWSLLHLMDPRNKRHLAKLHQEIDEFPAQLNYDNVMEEMPFAEQCARESIRRDPPLVMLMRKVLKPVQVGKYVVPEGDIIACSPLLSHQDEEAFPNPREWNPERNMKLVDGAFCGFGAGVHKCIGEKFGLLQVKTVLATVLRDYDFELLGPLPEPNYHTMVVGPTASQCRVKYIKKKKAAA
110,'122',MIGIIGAMEEEVTILKNKLTQLSEISVAHVKFYTGILKDREVVITQSGIGKVNAAISTTLLINKFKPDVIINTGSAGALDESLNVGDVLISDDVKYHDADATAFGYEYGQIPQMPVAFQSSKPLIEKVSQVVQQQQLTAKVGLIVSGDSFIGSVEQRQKIKKAFPNAMAVEMEATAIAQTCYQFNVPFVVVRAVSDLANGEAEMSFEAFLEKAAVSSSQTVEALVSQL
111,'123',MKIGIIAAMPEELAYLVQHLDNTQEQVVLGNTYHTGTIASHEVVLVESGIGKVMSAMSVAILADHFQVDALINTGSAGAVAEGIAVGDVVIADKLAYHDVDVTAFGYAYGQMAQQPLYFESDKTFVAQIQESLSQLDQNWHLGLIATGDSFVAGNDKIEAIKSHFPEVLAVEMEGAAIAQAAHALNLPVLVIRAMSDNANHEANIFFDEFIIEAGRRSAQVLLTFLKALD
112,'124',MKIGIIGAMEEEVTLLRDKIENRQTISLGGCEIYTGQLNGTEVALLKSGIGKVAAALGATLLLEHCKPDVIINTGSAGGLAPTLKVGDIVVSDEARYHDADVTAFGYEYGQLPGCPAGFKADDKLIAAAEACIAELNLNAVRGLIVSGDAFINGSVGLAKIRHNFPQAIAVEMEATAIAHVCHNFNVPFVVVRAISDVADQQSHLSFDEFLAVAAKQSSLMVESLVQKLAHG
113,'125',MKIGIIGAMEEEVTLLRDKIENRQTITIGGSEIYTGQLHGVDVALLKSGIGKVAAATGATLLLERCQPDVIINTGSAGGLAPTLKVGDIVVSDEARYHDADVTAFGYEYGQLPGCPAGFKADDKLVAAAEDCIKALDLNAVRGLIVSGDAFINGSVALAKIRHNFPQAIAVEMEATAIAHVCHNFKVPFVVVRAISDVADQQSHLSFEEFLAVAARQSTLMVENLVQNLARG
114,'126',MKQKPAFIPYAGAQFEPEEMLSKSAEYYQFMDHRRTVREFSNRAIPLEVIENIVMTASTAPSGAHKQPWTFVVVSDPQIKAKIRQAAEKEEFESYNGRMSNEWLEDLQPFGTDWHKPFLEIAPYLIVVFRKAYDVLPDGTQRKNYYVQESVGIACGFLLAAIHQAGLVALTHTPSPMNFLQKILQRPENERPFLLVPVGYPAEGAMVPDLQRKDKAAVMVVYHHHHHH
115,'127',MKRKKILIVGAGFSGAVIGRQLAEKGHQVHIIDQRDHIGGNSYDARDSETNVMVHVYGPHIFHTDNESVWNYVNKHAEMMPYVNRVKATVNGQVFSLPINLHTINQFFSKTCSPDEARALIAEKGDSTIADPQTFEEQALRFIGKELYEAFFKGYTIKQWGMQPSELPASILKRLPVRFNYDDNYFNHKFQGMPKCGYTQMIKSILKHENIKVDLQREFIVDERTHYDHVFYSGPLDAFYGYQYGRLGYRTLDFKKFIYQGDYQGCAVMNYCSVDVPYTRITEHKYFSPWEQHDGSVCYKEYSRACEENDIPYYPIRQMGEMALLEKYLSLAENETNITFVGRLGTYRYLDMDVTIAEALKTAEVYLNSLTENQPMPVFTVSVR
116,'128',MKSILDGLADTTFRTITTDLLYVGSNDIQYEDIKGDMASKLGYFPQKFPLTSFRGSPFQEKMTAGDNPQLVPADQVNITEFYNKSLSSFKENEENIQCGENFMDIECFMVLNPSQQLAIAVLSLTLGTFTVLENLLVLCVILHSRSLRCRPSYHFIGSLAVADLLGSVIFVYSFIDFHVFHRKDSRNVFLFKLGGVTASFTASVGSLFLTAIDRYISAHRPLAYKRIVTRPKAVVAFCLMWTIAIVIAVLPLLGWNCEKLQSVCSDIFPHIDETYLMFWIGVTSVLLLFIVYAYMYILWKAHSHAVRMIQRGTQKSIIIHTSEDGKVQVTRPDQARMDIRLAKTLVLILVVLIICWGPLLAIMVYDVFGKMNKLIKTVFAFCSMLCLLNSTVNPIIYALRSKDLRHAFRSMFPSCEGTAQPLDNSMGDSDCLHKHANNAASVHRAAESCIKSTVKIAKVTMSVSTDTSAEAL
117,'129',MKSILDGLADTTFRTITTDLLYVGSNDIQYEDIKGDMASKLGYFPQKFPLTSFRGSPFQEKMTAGDNPQLVPADQVNITEFYNKSLSSFKENEENIQCGENFMDIECFMVLNPSQQLAIAVLSLTLGTFTVLENLLVLCVILHSRSLRCRPSYHFIGSLAVADLLGSVIFVYSFIDFHVFHRKDSRNVFLFKLGGVTASFTASVGSLFLTAIDRYISIARPLAYKRIVTRPKAVVAFCLMWTIAIVIAVLPLLGWNCEKLQSVCSDIFPHIDETYLMFWIGVTSVLLLFIVYAYMYILWKAHSHAVRMIQRGTQKSIIIHTSEDGKVQVTRPDQARMDIRLAKTLVLILVVLIICWGPLLAIMVYDVFGKMNKLIKTVFAFCSMLCLLNSTVNPIIYALRSKDLRHAFRSMFPSCEGTAQPLDNSMGDSDCLHKHANNAASVHRAAESCIKSTVKIAKVTMSVSTDTSAEAL
118,'130',MKSILDGLADTTFRTITTDLLYVGSNDIQYEDIKGDMASKLGYFPQKFPLTSFRGSPFQEKMTAGDNPQLVPADQVNITEFYNKSLSSFKENEENIQCGENFMDIECFMVLNPSQQLAIAVLSLTLGTFTVLENLLVLCVILHSRSLRCRPSYHFIGSLAVADLLGSVIFVYSFIDFHVFHRKDSRNVFLFKLGGVTASFTASVGSLFLTAIDRYISIHRALAYKRIVTRPKAVVAFCLMWTIAIVIAVLPLLGWNCEKLQSVCSDIFPHIDETYLMFWIGVTSVLLLFIVYAYMYILWKAHSHAVRMIQRGTQKSIIIHTSEDGKVQVTRPDQARMDIRLAKTLVLILVVLIICWGPLLAIMVYDVFGKMNKLIKTVFAFCSMLCLLNSTVNPIIYALRSKDLRHAFRSMFPSCEGTAQPLDNSMGDSDCLHKHANNAASVHRAAESCIKSTVKIAKVTMSVSTDTSAEAL
119,'131',MKSILDGLADTTFRTITTDLLYVGSNDIQYEDIKGDMASKLGYFPQKFPLTSFRGSPFQEKMTAGDNPQLVPADQVNITEFYNKSLSSFKENEENIQCGENFMDIECFMVLNPSQQLAIAVLSLTLGTFTVLENLLVLCVILHSRSLRCRPSYHFIGSLAVADLLGSVIFVYSFIDFHVFHRKDSRNVFLFKLGGVTASFTASVGSLFLTAIDRYISIHRPLAYKRIVTRPKAVVAFCLMWTIAIVIAVLPLLGWNCEKLQSVCSDIFPHIDETYLMFWIGVTSVLLLFIVYAYMYILWKAHSHAVRMIQRGTQKSIIIHTSEDGKVQVTRPDQARMAIRLAKTLVLILVVLIICWGPLLAIMVYDVFGKMNKLIKTVFAFCSMLCLLNSTVNPIIYALRSKDLRHAFRSMFPSCEGTAQPLDNSMGDSDCLHKHANNAASVHRAAESCIKSTVKIAKVTMSVSTDTSAEAL
120,'132',MKSILDGLADTTFRTITTDLLYVGSNDIQYEDIKGDMASKLGYFPQKFPLTSFRGSPFQEKMTAGDNPQLVPADQVNITEFYNKSLSSFKENEENIQCGENFMDIECFMVLNPSQQLAIAVLSLTLGTFTVLENLLVLCVILHSRSLRCRPSYHFIGSLAVADLLGSVIFVYSFIDFHVFHRKDSRNVFLFKLGGVTASFTASVGSLFLTAIDRYISIHRPLAYKRIVTRPKAVVAFCLMWTIAIVIAVLPLLGWNCEKLQSVCSDIFPHIDETYLMFWIGVTSVLLLFIVYAYMYILWKAHSHAVRMIQRGTQKSIIIHTSEDGKVQVTRPDQARMDARLAKTLVLILVVLIICWGPLLAIMVYDVFGKMNKLIKTVFAFCSMLCLLNSTVNPIIYALRSKDLRHAFRSMFPSCEGTAQPLDNSMGDSDCLHKHANNAASVHRAAESCIKSTVKIAKVTMSVSTDTSAEAL
121,'133',MKSILDGLADTTFRTITTDLLYVGSNDIQYEDIKGDMASKLGYFPQKFPLTSFRGSPFQEKMTAGDNPQLVPADQVNITEFYNKSLSSFKENEENIQCGENFMDIECFMVLNPSQQLAIAVLSLTLGTFTVLENLLVLCVILHSRSLRCRPSYHFIGSLAVADLLGSVIFVYSFIDFHVFHRKDSRNVFLFKLGGVTASFTASVGSLFLTAIDRYISIHRPLAYKRIVTRPKAVVAFCLMWTIAIVIAVLPLLGWNCEKLQSVCSDIFPHIDETYLMFWIGVTSVLLLFIVYAYMYILWKAHSHAVRMIQRGTQKSIIIHTSEDGKVQVTRPDQARMDIALAKTLVLILVVLIICWGPLLAIMVYDVFGKMNKLIKTVFAFCSMLCLLNSTVNPIIYALRSKDLRHAFRSMFPSCEGTAQPLDNSMGDSDCLHKHANNAASVHRAAESCIKSTVKIAKVTMSVSTDTSAEAL
122,'134',MKSILDGLADTTFRTITTDLLYVGSNDIQYEDIKGDMASKLGYFPQKFPLTSFRGSPFQEKMTAGDNPQLVPADQVNITEFYNKSLSSFKENEENIQCGENFMDIECFMVLNPSQQLAIAVLSLTLGTFTVLENLLVLCVILHSRSLRCRPSYHFIGSLAVADLLGSVIFVYSFIDFHVFHRKDSRNVFLFKLGGVTASFTASVGSLFLTAIDRYISIHRPLAYKRIVTRPKAVVAFCLMWTIAIVIAVLPLLGWNCEKLQSVCSDIFPHIDETYLMFWIGVTSVLLLFIVYAYMYILWKAHSHAVRMIQRGTQKSIIIHTSEDGKVQVTRPDQARMDIRAAKTLVLILVVLIICWGPLLAIMVYDVFGKMNKLIKTVFAFCSMLCLLNSTVNPIIYALRSKDLRHAFRSMFPSCEGTAQPLDNSMGDSDCLHKHANNAASVHRAAESCIKSTVKIAKVTMSVSTDTSAEAL
123,'135',MKSILDGLADTTFRTITTDLLYVGSNDIQYEDIKGDMASKLGYFPQKFPLTSFRGSPFQEKMTAGDNPQLVPADQVNITEFYNKSLSSFKENEENIQCGENFMDIECFMVLNPSQQLAIAVLSLTLGTFTVLENLLVLCVILHSRSLRCRPSYHFIGSLAVADLLGSVIFVYSFIDFHVFHRKDSRNVFLFKLGGVTASFTASVGSLFLTAIDRYISIHRPLAYKRIVTRPKAVVAFCLMWTIAIVIAVLPLLGWNCEKLQSVCSDIFPHIDETYLMFWIGVTSVLLLFIVYAYMYILWKAHSHAVRMIQRGTQKSIIIHTSEDGKVQVTRPDQARMDIRLAKALVLILVVLIICWGPLLAIMVYDVFGKMNKLIKTVFAFCSMLCLLNSTVNPIIYALRSKDLRHAFRSMFPSCEGTAQPLDNSMGDSDCLHKHANNAASVHRAAESCIKSTVKIAKVTMSVSTDTSAEAL
124,'136',MKSILDGLADTTFRTITTDLLYVGSNDIQYEDIKGDMASKLGYFPQKFPLTSFRGSPFQEKMTAGDNPQLVPADQVNITEFYNKSLSSFKENEENIQCGENFMDIECFMVLNPSQQLAIAVLSLTLGTFTVLENLLVLCVILHSRSLRCRPSYHFIGSLAVADLLGSVIFVYSFIDFHVFHRKDSRNVFLFKLGGVTASFTASVGSLFLTAIDRYISIHRPLAYKRIVTRPKAVVAFCLMWTIAIVIAVLPLLGWNCEKLQSVCSDIFPHIDETYLMFWIGVTSVLLLFIVYAYMYILWKAHSHAVRMIQRGTQKSIIIHTSEDGKVQVTRPDQARMDIRLAKTLVLILVVLIICWGPLLAIMVYDVFGKMNKLIKTVFAFCSMLCLLNSTVNPIIYALRSKDLRHAFRSMFPSCEGTAQPLDNSMGDSDCLHKHANNAASVHRAAESCIKSTVKIAKVTMSVSTDTSAEAL
125,'137',MLLEVAIFLLTALALYSFYFVKSFNVTRPTDPPVYPVTVPILGHIIQFGKSPLGFMQECKRQLKSGIFTINIVGKRVTIVGDPHEHSRFFLPRNEVLSPREVYSFMVPVFGEGVAYAAPYPRMREQLNFLAEELTIAKFQNFVPAIQHEVRKFMAANWDKDEGEINLLEDCSTMIINTACQCLFGEDLRKRLDARRFAQLLAKMESSLIPAAVFLPILLKLPLPQSARCHEARTELQKILSEIIIARKEEEVNKDSSTSDLLSGLLSAVYRDGTPMSLHEVCGMIVAAMFAGQHTSSITTTWSMLHLMHPANVKHLEALRKEIEEFPAQLNYNNVMDEMPFAERCARESIRRDPPLLMLMRKVMADVKVGSYVVPKGDIIACSPLLSHHDEEAFPEPRRWDPERDEKVEGAFIGFGAGVHKCIGQKFGLLQVKTILATAFRSYDFQLLRDEVPDPDYHTMVVGPTASQCRVKYIRRKAAAA
126,'138',MLLSKFGSLAHLCGPGGVDHLPVKILQPAKADKESFEKAYQVGAVLGSGGFGTVYAGSRIADGLPVAVKHVVKERVTEWGSLGGATVPLEVVLLRKVGAAGGARGVIRLLDWFERPDGFLLVLERPEPAQDLFDFITERGALDEPLARRFFAQVLAAVRHCHSCGVVHRDIKDENLLVDLRSGELKLIDFGSGALLKDTVYTDFDGTRVYSPPEWIRYHRYHGRSATVWSLGVLLYDMVCGDIPFEQDEEILRGRLLFRRRVSPECQQLIRWCLSLRPSERPSLDQIAAHPWMLGADGGVPESCDLRLCTLDPDDVASTTSSSESL
127,'139',MLLSKINSLAHLRAAPCNDLHATKLAPGKEKEPLESQYQVGPLLGSGGFGSVYSGIRVSDNLPVAIKHVEKDRISDWGELPNGTRVPMEVVLLKKVSSGFSGVIRLLDWFERPDSFVLILERPEPVQDLFDFITERGALQEELARSFFWQVLEAVRHCHNCGVLHRDIKDENILIDLNRGELKLIDFGSGALLKDTVYTDFDGTRVYSPPEWIRYHRYHGRSAAVWSLGILLYDMVCGDIPFEHDEEIIRGQVFFRQRVSSECQHLIRWCLALRPSDRPTFEEIQNHPWMQDVLLPQETAEIHLHSLSPGPSK
128,'140',MLTKPLQGPPAPPGTPTPPPGGKDREAFEAEYRLGPLLGKGGFGTVFAGHRLTDRLQVAIKVIPRNRVLGWSPLSDSVTCPLEVALLWKVGAGGGHPGVIRLLDWFETQEGFMLVLERPLPAQDLFDYITEKGPLGEGPSRCFFGQVVAAIQHCHSRGVVHRDIKDENILIDLRRGCAKLIDFGSGALLHDEPYTDFDGTRVYSPPEWISRHQYHALPATVWSLGILLYDMVCGDIPFERDQEILEAELHFPAHVSPDCCALIRRCLAPKPSSRPSLEEILLDPWMQTPAEDVPLNPSKGGPAPLAWSLLP
129,'141',MMLSLNNLQNIIYNPVIPFVGTIPDQLDPGTLIVIRGHVPSDADRFQVDLQNGSSMKPRADVAFHFNPRFKRAGCIVCNTLINEKWGREEITYDTPFKREKSFEIVIMVLKDKFQVAVNGKHTLLYGHRIGPEKIDTLGIYGKVNIHSIGFSFSSDLQSTQASSLELTEISRENVPKSGTPQLRLPFAARLNTPMGPGRTVVVKGEVNANAKSFNVDLLAGKSKDIALHLNPRLNIKAFVRNSFLQESWGEEERNITSFPFSPGMYFEMIIYCDVREFKVAVNGVHSLEYKHRFKELSSIDTLEINGDIHLLEVRSW
130,'142',MPEETQTQDQPMEEEEVETFAFQAEIAQLMSLIINTFYSNKEIFLRELISNSSDALDKIRYESLTDPSKLDSGKELHINLIPNKQDRTLTIVDTGIGMTKADLINNLGTIAKSGTKAFMEALQAGADISMIGQFGVGFYSAYLVAEKVTVITKHNDDEQYAWESSAGGSFTVRTDTGEPMGRGTKVILHLKEDQTEYLEERRIKEIVKKHSQFIGYPITLFVEKERDKEVSDDEAE
131,'143',MPIMGSSVYITVELAIAVLAILGNVLVCWAVWLNSNLQNVTNYFVVSLAAADIAVGVLAIPFAITISTGFCAACHGCLFIACFVLVLTQSSIFSLLAIAIDRYIAIRIPLRYNGLVTGTRAKGIIAICWVLSFAIGLTPMLGWNNCGQPKEGKNHSQGCGEGQVACLFEDVVPMNYMVYFNFFACVLVPLLLMLGVYLRIFLAARRQLKQMESQPLPGERARSTLQKEVHAAKSLAIIVGLFALCWLPLHIINCFTFFCPDCSHAPLWLMYLAIVLSHTNSVVNPFIYAYRIREFRQTFRKIIRSHVLRQQEPFKAAGTSARVLAAHGSDGEQVSLRLNGHPPGVWANGSAPHPERRPNGYALGLVSGGSAQESQGNTGLPDVELLSHELKGVCPEPPGLDDPLAQDGAGVS
132,'144',MPPSISAFQAAYIGIEVLIALVSVPGNVLVIWAVKVNQALRDATFCFIVSLAVADVAVGALVIPLAILINIGPQTYFHTCLMVACPVLILTQSSILALLAIAVDRYLRVKIPLRYKMVVTPRRAAVAIAGCWILSFVVGLTPMFGWNNLSAVERAWAANGSMGEPVIKCEFEKVISMEYMVYFNFFVWVLPPLLLMVLIYLEVFYLIRKQLNKKVSASSGDPQKYYGKELKIAKSLALILFLFALSWLPLHILNCITLFCPSCHKPSILTYIAIFLTHGNSAMNPIVYAFRIQKFRVTFLKIWNDHFRCQPAPPIDEDLPEERPDD
133,'145',MPRRSLHAAAVLLLVILKEQPSSPAPVNGSKWTYFGPDGENSWSKKYPSCGGLLQSPIDLHSDILQYDASLTPLEFQGYNLSANKQFLLTNNGHSVKLNLPSDMHIQGLQSRYSATQLHLHWGNPNDPHGSEHTVSGQHFAAELHIVHYNSDLYPDASTASNKSEGLAVLAVLIEMGSFNPSYDKIFSHLQHVKYKGQEAFVPGFNIEELLPERTAEYYRYRGSLTTPPCNPTVLWTVFRNPVQISQEQLLALETALYCTHMDDPSPREMINNFRQVQKFDERLVYTSFSQVQVCTAAGLSLGIILSLALAGILGICIVVVVSIWLFRRKSIKKGDNKGVIYKPATKMETEAHA
134,'146',MPSIRLADLAQQLDAELHGDGDIVITGVASMQSAQTGHITFMVNPKYREHLGLCQASAVVMTQDDLPFAKSAALVVKNPYLTYARMAQILDTTPQPAQNIAPSAVIDATAKLGNNVSIGANAVIESGVELGDNVIIGAGCFVGKNSKIGAGSRLWANVTIYHEIQIGQNCLIQSGTVVGADGFGYANDRGNWVKIPQIGRVIIGDRVEIGACTTIDRGALDDTIIGNGVIIDNQCQIAHNVVIGDNTAVAGGVIMAGSLKIGRYCMIGGASVINGHMEICDKVTVTGMGMVMRPITEPGVYSSGIPLQPNKVWRKTAALVMNIDDMSKRLKSLERKVNQQD
135,'147',MQPMTARFDLFVVGSGFFGLTIAERVATQLDKRVLVLERRPHIGGNAYSEAEPQTGIEVHKYGAHLFHTSNKRVWDYVRQFTDFTDYRHRVFAMHNGQAYQFPMGLGLVSQFFGKYFTPEQARQLIAEQAAEIDTADAQNLEEKAISLIGRPLYEAFVKGYTAKQWQTDPKELPAANITRLPVRYTFDNRYFSDTYEGLPTDGYTAWLQNMAADHRIEVRLNTDWFDVRGQLRPGSPAAPVVYTGPLDRYFDYAEGRLGWRTLDFEVEVLPIGDFQGTAVMNYNDLDVPYTRIHEFRHFHPERDYPTDKTVIMREYSRFAEDDDEPYYPINTEADRALLATYRARAKSETASSKVLFGGRLGTYQYLDMHMAIASALNMYDNVLAPHLRDGVPLLQDGA
136,'148',MRANQPVFRDRNGLAAASTYQAVIDAERQPELFSNAGGIRPDQPALPMMIDMDDPAHLLRRKLVNAGFTRKRVKDKEASIAALCDTLIDAVCERGECDFVRDLAAPLPMAVIGDMLGVRPEQRDMFLRWSDDLVTFLSSHVSQEDFQITMDAFAAYNDFTRATIAARRADPTDDLVSVLVSSEVDGERLSDDELVMETLLILIGGDETTRHTLSGGTEQLLRNRDQWDLLQRDPSLLPGAIEEMLRWTAPVKNMCRVLTADTEFHGTALCAGEKMMLLFESANFDEAVFCEPEKFDVQRNPNSHLAFGFGTHFCLGNQLARLELSLMTERVLRRLPDLRLVADDSVLPLRPANFVSGLESMPVVFTPSPPLG
137,'149',MRFATSTIVKVALLLSSLCVDAAVMWNRDTSSTDLEARASSGYRSVVYFVNWAIYGRNHNPQDLPVERLTHVLYAFANVRPETGEVYMTDSWADIEKHYPGDSWSDTGNNVYGCIKQLYLLKKQNRNLKVLLSIGGWAYSPNFAPAASTDAGRKNFAKTAVKLLQDLGFDGLDIDWEYPENDQQANDFVLLLKEVRTALDSYSAANAGGQHFLLTVASPAGPDKIKVLHLKDMDQQLDFWNLMAYDYAGSFSSLSGHQANVYNDTSNPLSTPFNTQTALDLYRAGGVPANKIVLGMPLYGRSFANTDGPGKPYNGVGQGSWENGVWDYKALPQAGATEHVLPDIMASYSYDATNKFLISYDNPQVANLKSGYIKSLGLGGAMWWDSSSDKTGSDSLITTVVNALGGTGVFEQSQNELDYPVSQYDNLRNGMQT
138,'150',MRFATSTIVKVALLLSSLCVDAAVMWNRDTSSTDLEARASSGYRSVVYFVNWAIYGRNHNPQDLPVERLTHVLYAFANVRPETGEVYMTDSWADIEKHYPGDSWSDTGNNVYGCIKQLYLLKKQNRNLKVLLSIGGWTYSPNFAPAASTDAGRKNFAKTAVKLLQDLGFDGLDIAWEYPENDQQANDFVLLLKEVRTALDSYSAANAGGQHFLLTVASPAGPDKIKVLHLKDMDQQLDFWNLMAYDYAGSFSSLSGHQANVYNDTSNPLSTPFNTQTALDLYRAGGVPANKIVLGMPLYGRSFANTDGPGKPYNGVGQGSWENGVWDYKALPQAGATEHVLPDIMASYSYDATNKFLISYDNPQVANLKSGYIKSLGLGGAMWWDSSSDKTGSDSLITTVVNALGGTGVFEQSQNELDYPVSQYDNLRNGMQT
139,'151',MRFATSTIVKVALLLSSLCVDAAVMWNRDTSSTDLEARASSGYRSVVYFVNWAIYGRNHNPQDLPVERLTHVLYAFANVRPETGEVYMTDSWADIEKHYPGDSWSDTGNNVYGCIKQLYLLKKQNRNLKVLLSIGGWTYSPNFAPAASTDAGRKNFAKTAVKLLQDLGFDGLDIDWAYPENDQQANDFVLLLKEVRTALDSYSAANAGGQHFLLTVASPAGPDKIKVLHLKDMDQQLDFWNLMAYDYAGSFSSLSGHQANVYNDTSNPLSTPFNTQTALDLYRAGGVPANKIVLGMPLYGRSFANTDGPGKPYNGVGQGSWENGVWDYKALPQAGATEHVLPDIMASYSYDATNKFLISYDNPQVANLKSGYIKSLGLGGAMWWDSSSDKTGSDSLITTVVNALGGTGVFEQSQNELDYPVSQYDNLRNGMQT
140,'152',MRFATSTIVKVALLLSSLCVDAAVMWNRDTSSTDLEARASSGYRSVVYFVNWAIYGRNHNPQDLPVERLTHVLYAFANVRPETGEVYMTDSWADIEKHYPGDSWSDTGNNVYGCIKQLYLLKKQNRNLKVLLSIGGWTYSPNFAPAASTDAGRKNFAKTAVKLLQDLGFDGLDIDWEYPENDQQANDFVLLLKEVRTALDSYSAANAGGQHFLLTVASPAGPDKIKVLHLKDMDQQLDFWNLAAYDYAGSFSSLSGHQANVYNDTSNPLSTPFNTQTALDLYRAGGVPANKIVLGMPLYGRSFANTDGPGKPYNGVGQGSWENGVWDYKALPQAGATEHVLPDIMASYSYDATNKFLISYDNPQVANLKSGYIKSLGLGGAMWWDSSSDKTGSDSLITTVVNALGGTGVFEQSQNELDYPVSQYDNLRNGMQT
141,'153',MRFATSTIVKVALLLSSLCVDAAVMWNRDTSSTDLEARASSGYRSVVYFVNWAIYGRNHNPQDLPVERLTHVLYAFANVRPETGEVYMTDSWADIEKHYPGDSWSDTGNNVYGCIKQLYLLKKQNRNLKVLLSIGGWTYSPNFAPAASTDAGRKNFAKTAVKLLQDLGFDGLDIDWEYPENDQQANDFVLLLKEVRTALDSYSAANAGGQHFLLTVASPAGPDKIKVLHLKDMDQQLDFWNLMAFDYAGSFSSLSGHQANVYNDTSNPLSTPFNTQTALDLYRAGGVPANKIVLGMPLYGRSFANTDGPGKPYNGVGQGSWENGVWDYKALPQAGATEHVLPDIMASYSYDATNKFLISYDNPQVANLKSGYIKSLGLGGAMWWDSSSDKTGSDSLITTVVNALGGTGVFEQSQNELDYPVSQYDNLRNGMQT
142,'154',MRFATSTIVKVALLLSSLCVDAAVMWNRDTSSTDLEARASSGYRSVVYFVNWAIYGRNHNPQDLPVERLTHVLYAFANVRPETGEVYMTDSWADIEKHYPGDSWSDTGNNVYGCIKQLYLLKKQNRNLKVLLSIGGWTYSPNFAPAASTDAGRKNFAKTAVKLLQDLGFDGLDIDWEYPENDQQANDFVLLLKEVRTALDSYSAANAGGQHFLLTVASPAGPDKIKVLHLKDMDQQLDFWNLMAYAYAGSFSSLSGHQANVYNDTSNPLSTPFNTQTALDLYRAGGVPANKIVLGMPLYGRSFANTDGPGKPYNGVGQGSWENGVWDYKALPQAGATEHVLPDIMASYSYDATNKFLISYDNPQVANLKSGYIKSLGLGGAMWWDSSSDKTGSDSLITTVVNALGGTGVFEQSQNELDYPVSQYDNLRNGMQT
143,'155',MRFATSTIVKVALLLSSLCVDAAVMWNRDTSSTDLEARASSGYRSVVYFVNWAIYGRNHNPQDLPVERLTHVLYAFANVRPETGEVYMTDSWADIEKHYPGDSWSDTGNNVYGCIKQLYLLKKQNRNLKVLLSIGGWTYSPNFAPAASTDAGRKNFAKTAVKLLQDLGFDGLDIDWEYPENDQQANDFVLLLKEVRTALDSYSAANAGGQHFLLTVASPAGPDKIKVLHLKDMDQQLDFWNLMAYDYAGSFSSLSGHQANVYNDTSNPLSTPFNTQTALDLYRAGGVPANKIVLGMPLYGKSFANTDGPGKPYNGVGQGSWENGVWDYKALPQAGATEHVLPDIMASYSYDATNKFLISYDNPQVANLKSGYIKSLGLGGAMWWDSSSDKTGSDSLITTVVNALGGTGVFEQSQNELDYPVSQYDNLRNGMQT
144,'156',MRFATSTIVKVALLLSSLCVDAAVMWNRDTSSTDLEARASSGYRSVVYFVNWAIYGRNHNPQDLPVERLTHVLYAFANVRPETGEVYMTDSWADIEKHYPGDSWSDTGNNVYGCIKQLYLLKKQNRNLKVLLSIGGWTYSPNFAPAASTDAGRKNFAKTAVKLLQDLGFDGLDIDWEYPENDQQANDFVLLLKEVRTALDSYSAANAGGQHFLLTVASPAGPDKIKVLHLKDMDQQLDFWNLMAYDYAGSFSSLSGHQANVYNDTSNPLSTPFNTQTALDLYRAGGVPANKIVLGMPLYGRSFANTDGPGKPYNGVGQGSWANGVWDYKALPQAGATEHVLPDIMASYSYDATNKFLISYDNPQVANLKSGYIKSLGLGGAMWWDSSSDKTGSDSLITTVVNALGGTGVFEQSQNELDYPVSQYDNLRNGMQT
145,'157',MRFATSTIVKVALLLSSLCVDAAVMWNRDTSSTDLEARASSGYRSVVYFVNWAIYGRNHNPQDLPVERLTHVLYAFANVRPETGEVYMTDSWADIEKHYPGDSWSDTGNNVYGCIKQLYLLKKQNRNLKVLLSIGGWTYSPNFAPAASTDAGRKNFAKTAVKLLQDLGFDGLDIDWEYPENDQQANDFVLLLKEVRTALDSYSAANAGGQHFLLTVASPAGPDKIKVLHLKDMDQQLDFWNLMAYDYAGSFSSLSGHQANVYNDTSNPLSTPFNTQTALDLYRAGGVPANKIVLGMPLYGRSFANTDGPGKPYNGVGQGSWENGVWDYKALPQAGATEHVLPDIMASYSYDATNKFLISYDNPQVANLKSGYIKSLGLGGAMWWDSSSDKTGSDSLITTVVNALGGTGVFEQSQNELDYPVSQYDNLRNGMQT
146,'158',MRFATSTIVKVALLLSSLCVDAAVMWNRDTSSTDLEARASSGYRSVVYFVNWAIYGRNHNPQDLPVERLTHVLYAFANVRPETGEVYMTDSWADIEKHYPGDSWSDTGNNVYGCIKQLYLLKKQNRNLKVLLSIGGWTYSPNFAPAASTDAGRKNFAKTAVKLLQDLGFDGLDIDWEYPENDQQANDFVLLLKEVRTALDSYSAANAGGQHFLLTVGSPAGPDKIKVLHLKDMDQQLDFWNLMAYDYAGSFSSLSGHQANVYNDTSNPLSTPFNTQTALDLYRAGGVPANKIVLGMPLYGRSFANTDGPGKPYNGVGQGSWENGVWDYKALPQAGATEHVLPDIMASYSYDATNKFLISYDNPQVANLKSGYIKSLGLGGAMWWDSSSDKTGSDSLITTVVNALGGTGVFEQSQNELDYPVSQYDNLRNGMQT
147,'159',MRRSPKGSPGAVLDLQRRVDQAVSADHAELMTIAKDANTFFGAESVQDPYPLYERMRAAGSVHRIANSDFYAVCGWDAVNEAIGRPEDFSSNLTATMTYTAEGTAKPFEMDPLGGPTHVLATADDPAHAVHRKLVLRHLAAKRIRVMEQFTVQAADRLWVDGMQDGCIEWMGAMANRLPMMVVAELIGLPDPDIAQLVKWGYAATQLLEGLVENDQLVAAGVALMELSGYIFEQFDRAAADPRDNLLGELATACASGELDTLTAQVMMVTLFAAGGESTAALLGSAVWILATRPDIQQQVRANPELLGAFIEETLRYEPPFRGHYRHVRNATTLDGTELPADSHLLLLWGAANRDPAQFEAPGEFRLDRAGGKGHISFGKGAHFCVGAALARLEARIVLRLLLDRTSVIEAADVGGWLPSILVRRIERLELAVQ
148,'160',MRSLGANMAAALRAAGVLLRDPLASSSWRVCQPWRWKSGAAAAAVTTETAQHAQGAKPQVQPQKRKPKTGILMLNMGGPETLGDVHDFLLRLFLDRDLMTLPIQNKLAPFIAKRLTPKIQEQYRRIGGGSPIKIWTSKQGEGMVKLLDELSPNTAPHKYYIGFRYVHPLTEEAIEEMERDGLERAIAFTQYPQYSCSTTGSSLNAIYRYYNQVGRKPTMKWSTIDRWPTHHLLIQCFADHILKELDHFPLEKRSEVVILFSAHSLPMSVVNRGDPYPQEVSATVQKVMERLEYCNPYRLVWQSKVGPMPWLGPQTDESIKGLCERGRKNILLVPIAFTSDHIETLYELDIEYSQVLAKECGVENIRRAESLNGNPLFSKALADLVHSHIQSNELCSKQLTLSCPLCVNPVCRETKSFFTSQQL
149,'161',MRWVWALLKNASLAGAPKYIEHFSKFSPSPLSMKQFLDFGSSNACEKTSFTFLRQELPVRLANIMKEINLLPDRVLSTPSVQLVQSWYVQSLLDIMEFLDKDPEDHRTLSQFTDALVTIRNRHNDVVPTMAQGVLEYKDTYGDDPVSNQNIQYFLDRFYLSRISIRMLINQHTLIFDGSTNPAHPKHIGSIDPNCNVSEVVKDAYDMAKLLCDKYYMASPDLEIQEINAANSKQPIHMVYVPSHLYHMLFELFKNAMRATVESHESSLILPPIKVMVALGEEDLSIKMSDRGGGVPLRKIERLFSYMYSTAPTPQPGTGGTPLAGFGYGLPISRLYAKYFQGDLQLFSMEGFGTDAVIYLKALSTDSVERLPVYNKSAWRHYQTIQEAGDWCVPSTEPKNTSTYRVS
150,'162',MSADAAAGAPLPRLCCLEKGPNGYGFHLHGEKGKLGQYIRLVEPGSPAEKAGLLAGDRLVEVNGENVEKETHQQVVSRIRAALNAVRLLVVDPETDEQLQKLGVQVREELLRAQEAPGQAEPPAAAEVQGAGNENEPREA
151,'163',MSAIQAAWPSGTECIAKYNFHGTAEQDLPFCKGDVLTIVAVTKDPNWYKAKNKVGREGIIPANYVQKREGVKAGTKLSLMPWFHGKITREQAERLLYPPETGLFLVRESTNYPGDYTLCVSCDGKVEHYRIMYHASKLSIDEEVYFENLMQLVEHYTSDADGLCTRLIKPKVMEGTVAAQDEFYRSGWALNMKELKLLQTIGKGEFGDVMLGDYRGNKVAVKCIKNDATAQAFLAEASVMTQLRHSNLVQLLGVIVEEKGGLYIVTEYMAKGSLVDYLRSRGRSVLGGDCLLKFSLDVCEAMEYLEGNNFVHRDLAARNVLVSEDNVAKVSDFGLTKEASSTQDTGKLPVKWTAPEALREKKFSTKSDVWSFGILLWEIYSFGRVPYPRIPLKDVVPRVEKGYKMDAPDGCPPAVYEVMKNCWHLDAAMRPSFLQLREQLEHIKTHELHL
152,'164',MSAVALPRVSGGHDEHGHLEEFRTDPIGLMQRVRDECGDVGTFQLAGKQVVLLSGSHANEFFFRAGDDDLDQAKAYPFMTPIFGEGVVFDASPERRKEMLHNAALRGEQMKGHAATIEDQVRRMIADWGEAGEIDLLDFFAELTIYTSSACLIGKKFRDQLDGRFAKLYHELERGTDPLAYVDPYLPIESFRRRDEARNGLVALVADIMNGRIANPPTDKSDRDMLDVLIAVKAETGTPRFSADEITGMFISMMFAGHHTSSGTASWTLIELMRHRDAYAAVIDELDELYGDGRSVSFHALRQIPQLENVLKETLRLHPPLIILMRVAKGEFEVQGHRIHEGDLVAASPAISNRIPEDFPDPHDFVPARYEQPRQEDLLNRWTWIPFGAGRHRCVGAAFAIMQIKAIFSVLLREYEFEMAQPPESYRNDHSKMVVQLAQPACVRYRRRTGV
153,'165',MSAVALPRVSGGHDEHGHLEEFRTDPIGLMQRVRDECGDVGTFQLAGKQVVLLSGSHANEFFFRAGDDDLDQAKAYPLMTPIFGEGVVFDASPERRKEMLHNAALRGEQMKGHAATIEDQVRRMIADWGEAGEIDLLDFFAELTIYTSSACLIGKKFRDQLDGRFAKLYHELERGTDPLAYVDPYLPIESFRRRDEARNGLVALVADIMNGRIANPPTDKSDRDMLDVLIAVKAETGTPRFSADEITGMFISMMFAGHHTSSGTASWTLIELMRHRDAYAAVIDELDELYGDGRSVSFHALRQIPQLENVLKETLRLHPPLIILMRVAKGEFEVQGHRIHEGDLVAASPAISNRIPEDFPDPHDFVPARYEQPRQEDLLNRWTWIPFGAGRHRCVGAAFAIMQIKAIFSVLLREYEFEMAQPPESYRNDHSKMVVQLAQPACVRYRRRTGV
154,'166',MSHHWGYGKHNGPEHWHKDFPIAKGERQSPVDIDTHTAKYDPSLKPLSVSYDQATSLRILNNGHAFNVEFDDSQDKAVLKGGPLDGTYRLIQFHFHWGSLDGQGSEHTVDKKKYAAELHLVHWNTKYGDFGKAVQQPDGLAVLGIFLKVGSAKPGLQKVVDVLDSIKTKGKSADFTNFDPRGLLPESLDYWTYPGSLTTPPLLECVTWIVLKEPISVSSEQVLKFRKLNFNGEGEPEELMVDNWRPAQPLKNRQIKASFK
155,'167',MSKSESPKEPEQLRKLFIGGLSFETTDESLRSHFEQWGTLTDCVVMRDPNTKRSRGFGFVTYATVEEVDAAMNARPHKVDGRVVEPKRAVSREDSQRPGAHLTVKKIFVGGIKEDTEEHHLRDYFEQYGKIEVIEIMTDRGSGKKRGFAFVTFDDHDSVDKIVIQKYHTVNGHNCEVRKALSKQEMASASSSQRGRSGSGNFGGGRGGGFGGNDNFGRGGNFSGRGGFGGSRGGGGYGGSGDGYNGFGNDGSNFGGGGSYNDFGNYNNQSSNFGPMKGGNFGGRSSGPYGGGGQYFAKPRNQGGYGGSSSSSSYGSGRRF
156,'168',MSLKTVTVIGAMEQEIELLREMMENVKAVSFGKFAAYEGELAGKRMVLALSGIGKVNAAVATAWLIHQFAPDCVINTGSAGGLGKGLKVGDVVVGTEIAHHDVDVTAFGYVWGQVPQLPARFASDGILIETAKRAARTFEGAAVEQGLIVSGDRFVHSSEGVAEIRKHFPEVKAVEMEAAAIAQTCHQLETPFVIIRAVSDSADEKADISFDEFLKTAAANSAKMVAEIVKSL
157,'169',MSNLQDARIIIAGGGIGGAANALALAQKGANVTLFERASEFGEVGAGLQVGPHGARILDSWGVLDDVLSRAFLPKNIVFRDAITAEVLTKIDLGSEFRGRYGGPFFVTHRSDLHATLVDAARAAGAELHTGVTVTDVITEGDKAIVSTDDGRTHEADIALGMDGLKSRLREKISGDEPVSSGYAAYRGTTPYRDVELDEDIEDVVGYIGPRCHFIQYPLRGGEMLNQVAVFESPGFKNGIENWGGPEELEQAYAHCHENVRRGIDYLWKDRWWPMYDREPIENWVDGRMILLGDAAHPPLQYLASGAVMAIEDAKCLADYAAEDFSTGGNSAWPQILKEVNTERAPRCNRILTTGRMWGELWHLDGTARIARNELFRTRDTSSYKYTDWLWGYSSDRAS
158,'170',MSNLQDARIIIAGGGIGGAANALALAQKGANVTLFERASEFGEVGAGLQVGPHGARILDSWGVLDDVLSRAFLPKNIVFRDAITAEVLTKIDLGSEFRGRYGGPYFVTHRSDLHATLVDAARAAGAELHTGVTVTDVITEGDKAIVSTDDGRTHEADIALGMDGLKSRLREKISGDEPVSSGYAAYRGTTPYRDVELDEDIEDVVGYIGPRCAFIQYPLRGGEMLNQVAVFESPGFKNGIENWGGPEELEQAYAHCHENVRRGIDYLWKDRWWPMYDREPIENWVDGRMILLGDAAHPPLQYLASGAVMAIEDAKCLADYAAEDFSTGGNSAWPQILKEVNTERAPRCNRILTTGRMWGELWHLDGTARIARNELFRTRDTSSYKYTDWLWGYSSDRAS
159,'171',MSNLQDARIIIAGGGIGGAANALALAQKGANVTLFERASEFGEVGAGLQVGPHGARILDSWGVLDDVLSRAFLPKNIVFRDAITAEVLTKIDLGSEFRGRYGGPYFVTHRSDLHATLVDAARAAGAELHTGVTVTDVITEGDKAIVSTDDGRTHEADIALGMDGLKSRLREKISGDEPVSSGYAAYRGTTPYRDVELDEDIEDVVGYIGPRCHFIQYPLRGGEMLNQVAVFESPGFKNGIENWGGPEELEQAYAHCHENVRRGIDYLWKDRWWPMYDREPIENWVDGRMILLGDAAHPPLQYLASGAVMAIEDAKCLADYAAEDFSTGGNSAWPQILKEVNTERAPRCNRILTTGRMWGELWHLDGTARIARNELFRTRDTSSYKYTDWLWGYSSDRAS
160,'172',MSNVPHKSSLPEGIRPGTVLRIRGLVPPNASRFHVNLLCGEEQGSDAALHFNPRLDTSEVVFNSKEQGSWGREERGPGVPFQRGQPFEVLIIASDDGFKAVVGDAQYHHFRHRLPLARVRLVEVGGDVQLDSVRIF
161,'173',MSQAAETLDGWYSLHLFYAVDWASLRLAPKDERDALVTELQSFLENTATVRSSKSGDQAIYNITGQKADLLLWFLRPEMKSLNHIENEFNKLRIADFLIPTYSYVSVIELSNYLAGKSDEDPYENPHIKARLYPELPHSDYICFYPMNKRRNETYNWYMLTMEERQKLMYDHGMIGRKYAGKIKQFITGSVGFDDFEWGVTLFSDDVLQFKKIVYEMRFDETTARYGEFGSFFVGHIINTNEFDQFFAIS
162,'174',MSQERPTFYRQELNKTIWEVPERYQNLSPVGSGAYGSVCAAFDTKTGHRVAVKKLSRPFQSIIHAKRTYRELRLLKHMKHENVIGLLDVFTPARSLEEFNDVYLVTHLMGADLNNIVKCQKLTDDHVQFLIYQILRGLKYIHSADIIHRDLKPSNLAVNEDCELKILDFGLARHTDDEMTGYVATRWYRAPEIMLNWMHYNQTVDIWSVGCIMAELLTGRTLFPGTDHIDQLKLILRLVGTPGAELLKKISSESARNYIQSLAQMPKMNFANVFIGANPLAVDLLEKMLVLDSDKRITAAQALAHAYFAQYHDPDDEPVADPYDQSFESRDLLIDEWKSLTYDEVISFVPPPLDQEEMES
163,'175',MSQERPTFYRQELNKTIWEVPERYQNLSPVGSGAYGSVCAAFDTKTGLRVAVKKLSRPFQSIIHAKRTYRELRLLKHMKHENVIGLLDVFTPARSLEEFNDVYLVTHLMGADLNNIVKCQKLTDDHVQFLIYQILRGLKYIHSADIIHRDLKPSNLAVNEDCELKILDFGLARHTDDEMTGYVATRWYRAPEIMLNWMHYNQTVDIWSVGCIMAELLTGRTLFPGTDHIDQLKLILRLVGTPGAELLKKISSESARNYIQSLTQMPKMNFANVFIGANPLAVDLLEKMLVLDSDKRITAAQALAHAYFAQYHDPDDEPVADPYDQSFESRDLLIDEWKSLTYDEVISFVPPPLDQEEMES
164,'176',MSQSNRELVVDFLSYKLSQKGYSWSQFSDVEENRTEAPEGTESEMETPSAINGNPSWHLADSPAVNGATAHSSSLDAREVIPMAAVKQALREAGDEFELRYRRAFSDLTSQLHITPGTAYQSFEQVVNELFRDGVNWGRIVAFFSFGGALCVESVDKEMQVLVSRIAAWMATYLNDHLEPWIQENGGWDTFVELYGNNAAAESRKGQERFNRWFLTGMTVAGVVLLGSLFSRK
165,'177',MSRLSWGYREHNGPIHWKEFFPIADGDQQSPIEIKTKEVKYDSSLRPLSIKYDPSSAKIISNSGHSFNVDFDDTENKSVLRGGPLTGSYRLRQVHLHWGSADDHGSEHIVDGVSYAAELHVVHWNSDKYPSFVEAAHEPDGLAVLGVFLQIGEPNSQLQKITDTLDSIKEKGKQTRFTNFDLLSLLPPSWDYWTYPGSLTVPPLLESVTWIVLKQPINISSQQLAKFRSLLCTAEGEAAAFLVSNHRPPQPLKGRKVRASFH
166,'178',MSWNHQSVEIAVRRTTVPSPNLPPGFDFTDPAIYAERLPVAEFAELRSAAPIWWNGQDPGKGGGFHDGGFWAITKLNDVKEISRHSDVFSSYENGVIPRFKNDIAREDIEVQRFVMLNMDAPHHTRLRKIISRGFTPRAVGRLHDELQERAQKIAAEAAAAGSGDFVEQVSCELPLQAIAGLLGVPQEDRGKLFHWSNEMTGNEDPEYAHIDPKASSAELIGYAMKMAEEKAKNPADDIVTQLIQADIDGEKLSDDEFGFFVVMLAVAGNETTRNSITQGMMAFAEHPDQWELYKKVRPETAADEIVRWATPVTAFQRTALRDYELSGVQIKKGQRVVMFYRSANFDEEVFQDPFTFNILRNPNPHVGFGGTGAHYCIGANLARMTINLIFNAVADHMPDLKPISAPERLRSGWLNGIKHWQVDYTGRCPVAH
167,'179',MTGHHGWGYGQDDGPSHWHKLYPIAQGDRQSPINIISSQAVYSPSLQPLELSYEACMSLSITNNGHSVQVDFNDSDDRTVVTGGPLEGPYRLKQFHFHWGKKHDVGSEHTVDGKSFPSELHLVHWNAKKYSTFGEAASAPDGLAVVGVFLETGDEHPSMNRLTDALYMVRFKGTKAQFSCFNPKCLLPASRHYWTYPGSLTTPPLSESVTWIVLREPICISERQMGKFRSLLFTSEDDERIHMVNNFRPPQPLKGRVVKASFRA
168,'180',MTIAKDANTFFGAESVQDPYPLYERMRAAGSVHRIANSDFYAVCGWDAVNEAIGRPEDFSSNLTATMTYTAEGTAKPFEMDPLGGPTHVLATADDPAHAVHRKLVLRHLAAKRIRVMEQFTVQAADRLWVDGMQDGCIEWMGAMANRLPMMVVAELIGLPDPDIAQLVKWGYAATQLLEGLVENDQLVAAGVALMELSGYIFEQFDRAAADPRDNLLGELATACASGELDTLTAQVMMVTLFAAGGESTAALLGSAVWILATRPDIQQQVRANPELLGAFIEETLRYEPPFRGHYRHVRNATTLDGTELPADSHLLLLWGAANRDPAQFEAPGEFRLDRAGGKGHISFGKGAHFCVGAALARLEARIVLRLLLDRTSVIEAADVGGWLPSILVRRIERLELAVQ
169,'181',MTLHSQSTTSPLFPQISSSWVHSPSEAGLPLGTVTQLGSYQISQETGQFSSQDTSSDPLGGHTIWQVVFIAFLTGFLALVTIIGNILVIVAFKVNKQLKTVNNYFLLSLACADLIIGVISMNLFTTYIIMNRWALGNLACDLWLSIDYVASNASVMNLLVISFDRYFSITRPLTYCAKRTTKRAGVMIGLAWVISFVLWAPAILFWQYFVGKRTVPPGECFIQFLSEPTITFGTAIAAFYMPVTIMTILYWRIYKETEKRTKELAGLQASGTEIEGRIEGRIEGRTRSQITKRKRMSLIKEKKAAQTLSAILLAFIITWTPYNIMVLVNTFCDSCIPKTYWNLGYWLCYINSTVNPVCYALCNKTFRTTFKTLLLCQCDKRKRRKQQYQQRQSVIFHKRVPEQAL
170,'182',MTLHSQSTTSPLFPQISSSWVHSPSEAGLPLGTVTQLGSYQISQETGQFSSQDTSSDPLGGHTIWQVVFIAFLTGFLALVTIIGNILVIVAFKVNKQLKTVNNYFLLSLACADLIIGVISMNLFTTYIIMNRWALGNLACDLWLSIDYVASNASVMNLLVISFDRYFSITRPLTYRACRTTKRAGVMIGLAWVISFVLWAPAILFWQYFVGKRTVPPGECFIQFLSEPTITFGTAIAAFYMPVTIMTILYWRIYKETEKRTKELAGLQASGTEIEGRIEGRIEGRTRSQITKRKRMSLIKEKKAAQTLSAILLAFIITWTPYNIMVLVNTFCDSCIPKTYWNLGYWLCYINSTVNPVCYALCNKTFRTTFKTLLLCQCDKRKRRKQQYQQRQSVIFHKRVPEQAL
171,'183',MTLHSQSTTSPLFPQISSSWVHSPSEAGLPLGTVTQLGSYQISQETGQFSSQDTSSDPLGGHTIWQVVFIAFLTGFLALVTIIGNILVIVAFKVNKQLKTVNNYFLLSLACADLIIGVISMNLFTTYIIMNRWALGNLACDLWLSIDYVASNASVMNLLVISFDRYFSITRPLTYRAKCTTKRAGVMIGLAWVISFVLWAPAILFWQYFVGKRTVPPGECFIQFLSEPTITFGTAIAAFYMPVTIMTILYWRIYKETEKRTKELAGLQASGTEIEGRIEGRIEGRTRSQITKRKRMSLIKEKKAAQTLSAILLAFIITWTPYNIMVLVNTFCDSCIPKTYWNLGYWLCYINSTVNPVCYALCNKTFRTTFKTLLLCQCDKRKRRKQQYQQRQSVIFHKRVPEQAL
172,'184',MTLHSQSTTSPLFPQISSSWVHSPSEAGLPLGTVTQLGSYQISQETGQFSSQDTSSDPLGGHTIWQVVFIAFLTGFLALVTIIGNILVIVAFKVNKQLKTVNNYFLLSLACADLIIGVISMNLFTTYIIMNRWALGNLACDLWLSIDYVASNASVMNLLVISFDRYFSITRPLTYRAKRCTKRAGVMIGLAWVISFVLWAPAILFWQYFVGKRTVPPGECFIQFLSEPTITFGTAIAAFYMPVTIMTILYWRIYKETEKRTKELAGLQASGTEIEGRIEGRIEGRTRSQITKRKRMSLIKEKKAAQTLSAILLAFIITWTPYNIMVLVNTFCDSCIPKTYWNLGYWLCYINSTVNPVCYALCNKTFRTTFKTLLLCQCDKRKRRKQQYQQRQSVIFHKRVPEQAL
173,'185',MTLHSQSTTSPLFPQISSSWVHSPSEAGLPLGTVTQLGSYQISQETGQFSSQDTSSDPLGGHTIWQVVFIAFLTGFLALVTIIGNILVIVAFKVNKQLKTVNNYFLLSLACADLIIGVISMNLFTTYIIMNRWALGNLACDLWLSIDYVASNASVMNLLVISFDRYFSITRPLTYRAKRTTKRAGVMIGLAWVISFVLWAPAILFWQYFVGKRTVPPGECFIQFLSEPTITFGTAIAAFYMPVTIMTILYWRIYKETEKRTKELAGLQASGTEIEGRIEGRIEGRTRSQITKRKRMSLIKEKKAAQTLSAILLAFIITWTPYNIMVLVNTFCDSCIPKTYWNLGYWLCYINSTVNPVCYALCNCTFRTTFKTLLLCQCDKRKRRKQQYQQRQSVIFHKRVPEQAL
174,'186',MTLHSQSTTSPLFPQISSSWVHSPSEAGLPLGTVTQLGSYQISQETGQFSSQDTSSDPLGGHTIWQVVFIAFLTGFLALVTIIGNILVIVAFKVNKQLKTVNNYFLLSLACADLIIGVISMNLFTTYIIMNRWALGNLACDLWLSIDYVASNASVMNLLVISFDRYFSITRPLTYRAKRTTKRAGVMIGLAWVISFVLWAPAILFWQYFVGKRTVPPGECFIQFLSEPTITFGTAIAAFYMPVTIMTILYWRIYKETEKRTKELAGLQASGTEIEGRIEGRIEGRTRSQITKRKRMSLIKEKKAAQTLSAILLAFIITWTPYNIMVLVNTFCDSCIPKTYWNLGYWLCYINSTVNPVCYALCNKCFRTTFKTLLLCQCDKRKRRKQQYQQRQSVIFHKRVPEQAL
175,'187',MTLHSQSTTSPLFPQISSSWVHSPSEAGLPLGTVTQLGSYQISQETGQFSSQDTSSDPLGGHTIWQVVFIAFLTGFLALVTIIGNILVIVAFKVNKQLKTVNNYFLLSLACADLIIGVISMNLFTTYIIMNRWALGNLACDLWLSIDYVASNASVMNLLVISFDRYFSITRPLTYRAKRTTKRAGVMIGLAWVISFVLWAPAILFWQYFVGKRTVPPGECFIQFLSEPTITFGTAIAAFYMPVTIMTILYWRIYKETEKRTKELAGLQASGTEIEGRIEGRIEGRTRSQITKRKRMSLIKEKKAAQTLSAILLAFIITWTPYNIMVLVNTFCDSCIPKTYWNLGYWLCYINSTVNPVCYALCNKTCRTTFKTLLLCQCDKRKRRKQQYQQRQSVIFHKRVPEQAL
176,'188',MTLHSQSTTSPLFPQISSSWVHSPSEAGLPLGTVTQLGSYQISQETGQFSSQDTSSDPLGGHTIWQVVFIAFLTGFLALVTIIGNILVIVAFKVNKQLKTVNNYFLLSLACADLIIGVISMNLFTTYIIMNRWALGNLACDLWLSIDYVASNASVMNLLVISFDRYFSITRPLTYRAKRTTKRAGVMIGLAWVISFVLWAPAILFWQYFVGKRTVPPGECFIQFLSEPTITFGTAIAAFYMPVTIMTILYWRIYKETEKRTKELAGLQASGTEIEGRIEGRIEGRTRSQITKRKRMSLIKEKKAAQTLSAILLAFIITWTPYNIMVLVNTFCDSCIPKTYWNLGYWLCYINSTVNPVCYALCNKTFCTTFKTLLLCQCDKRKRRKQQYQQRQSVIFHKRVPEQAL
177,'189',MTLHSQSTTSPLFPQISSSWVHSPSEAGLPLGTVTQLGSYQISQETGQFSSQDTSSDPLGGHTIWQVVFIAFLTGFLALVTIIGNILVIVAFKVNKQLKTVNNYFLLSLACADLIIGVISMNLFTTYIIMNRWALGNLACDLWLSIDYVASNASVMNLLVISFDRYFSITRPLTYRAKRTTKRAGVMIGLAWVISFVLWAPAILFWQYFVGKRTVPPGECFIQFLSEPTITFGTAIAAFYMPVTIMTILYWRIYKETEKRTKELAGLQASGTEIEGRIEGRIEGRTRSQITKRKRMSLIKEKKAAQTLSAILLAFIITWTPYNIMVLVNTFCDSCIPKTYWNLGYWLCYINSTVNPVCYALCNKTFRCTFKTLLLCQCDKRKRRKQQYQQRQSVIFHKRVPEQAL
178,'190',MTLHSQSTTSPLFPQISSSWVHSPSEAGLPLGTVTQLGSYQISQETGQFSSQDTSSDPLGGHTIWQVVFIAFLTGFLALVTIIGNILVIVAFKVNKQLKTVNNYFLLSLACADLIIGVISMNLFTTYIIMNRWALGNLACDLWLSIDYVASNASVMNLLVISFDRYFSITRPLTYRAKRTTKRAGVMIGLAWVISFVLWAPAILFWQYFVGKRTVPPGECFIQFLSEPTITFGTAIAAFYMPVTIMTILYWRIYKETEKRTKELAGLQASGTEIEGRIEGRIEGRTRSQITKRKRMSLIKEKKAAQTLSAILLAFIITWTPYNIMVLVNTFCDSCIPKTYWNLGYWLCYINSTVNPVCYALCNKTFRTCFKTLLLCQCDKRKRRKQQYQQRQSVIFHKRVPEQAL
179,'191',MTLHSQSTTSPLFPQISSSWVHSPSEAGLPLGTVTQLGSYQISQETGQFSSQDTSSDPLGGHTIWQVVFIAFLTGFLALVTIIGNILVIVAFKVNKQLKTVNNYFLLSLACADLIIGVISMNLFTTYIIMNRWALGNLACDLWLSIDYVASNASVMNLLVISFDRYFSITRPLTYRAKRTTKRAGVMIGLAWVISFVLWAPAILFWQYFVGKRTVPPGECFIQFLSEPTITFGTAIAAFYMPVTIMTILYWRIYKETEKRTKELAGLQASGTEIEGRIEGRIEGRTRSQITKRKRMSLIKEKKAAQTLSAILLAFIITWTPYNIMVLVNTFCDSCIPKTYWNLGYWLCYINSTVNPVCYALCNKTFRTTCKTLLLCQCDKRKRRKQQYQQRQSVIFHKRVPEQAL
180,'192',MTLHSQSTTSPLFPQISSSWVHSPSEAGLPLGTVTQLGSYQISQETGQFSSQDTSSDPLGGHTIWQVVFIAFLTGFLALVTIIGNILVIVAFKVNKQLKTVNNYFLLSLACADLIIGVISMNLFTTYIIMNRWALGNLACDLWLSIDYVASNASVMNLLVISFDRYFSITRPLTYRAKRTTKRAGVMIGLAWVISFVLWAPAILFWQYFVGKRTVPPGECFIQFLSEPTITFGTAIAAFYMPVTIMTILYWRIYKETEKRTKELAGLQASGTEIEGRIEGRIEGRTRSQITKRKRMSLIKEKKAAQTLSAILLAFIITWTPYNIMVLVNTFCDSCIPKTYWNLGYWLCYINSTVNPVCYALCNKTFRTTFCTLLLCQCDKRKRRKQQYQQRQSVIFHKRVPEQAL
181,'193',MTLHSQSTTSPLFPQISSSWVHSPSEAGLPLGTVTQLGSYQISQETGQFSSQDTSSDPLGGHTIWQVVFIAFLTGFLALVTIIGNILVIVAFKVNKQLKTVNNYFLLSLACADLIIGVISMNLFTTYIIMNRWALGNLACDLWLSIDYVASNASVMNLLVISFDRYFSITRPLTYRAKRTTKRAGVMIGLAWVISFVLWAPAILFWQYFVGKRTVPPGECFIQFLSEPTITFGTAIAAFYMPVTIMTILYWRIYKETEKRTKELAGLQASGTEIEGRIEGRIEGRTRSQITKRKRMSLIKEKKAAQTLSAILLAFIITWTPYNIMVLVNTFCDSCIPKTYWNLGYWLCYINSTVNPVCYALCNKTFRTTFKCLLLCQCDKRKRRKQQYQQRQSVIFHKRVPEQAL
182,'194',MTLHSQSTTSPLFPQISSSWVHSPSEAGLPLGTVTQLGSYQISQETGQFSSQDTSSDPLGGHTIWQVVFIAFLTGFLALVTIIGNILVIVAFKVNKQLKTVNNYFLLSLACADLIIGVISMNLFTTYIIMNRWALGNLACDLWLSIDYVASNASVMNLLVISFDRYFSITRPLTYRAKRTTKRAGVMIGLAWVISFVLWAPAILFWQYFVGKRTVPPGECFIQFLSEPTITFGTAIAAFYMPVTIMTILYWRIYKETEKRTKELAGLQASGTEIEGRIEGRIEGRTRSQITKRKRMSLIKEKKAAQTLSAILLAFIITWTPYNIMVLVNTFCDSCIPKTYWNLGYWLCYINSTVNPVCYALCNKTFRTTFKTLLLCQCDKRKRRKQQYQQRQSVIFHKRVPEQAL
183,'195',MTLHSQSTTSPLFPQISSSWVHSPSEAGLPLGTVTQLGSYQISQETGQFSSQDTSSDPLGGHTIWQVVFIAFLTGFLALVTIIGNILVIVAFKVNKQLKTVNNYFLLSLACADLIIGVISMNLFTTYIIMNRWALGNLACDLWLSIDYVASNASVMNLLVISFDRYFSITRPLTYRCKRTTKRAGVMIGLAWVISFVLWAPAILFWQYFVGKRTVPPGECFIQFLSEPTITFGTAIAAFYMPVTIMTILYWRIYKETEKRTKELAGLQASGTEIEGRIEGRIEGRTRSQITKRKRMSLIKEKKAAQTLSAILLAFIITWTPYNIMVLVNTFCDSCIPKTYWNLGYWLCYINSTVNPVCYALCNKTFRTTFKTLLLCQCDKRKRRKQQYQQRQSVIFHKRVPEQAL
184,'196',MTPNSMTENGLTAWDKPKHCPDREHDWKLVGMSEACLHRKSHSERRSTLKNEQSSPHLIQTTWTSSIFHLDHDDVNDQSVSSAQTFQTEEKKCKGYIPSYLDKDELCVVCGDKATGYHYRCITCEGCKGFFRRTIQKNLHPSYSCKYEGKCVIDKVTRNQCQECRFKKCIYVGMATDLVLDDSKRLAKRKLIEENREKRRREELQKSIGHKPEPTDEEWELIKTVTEAHVATNAQGSHWKQKRKFLPEDIGQAPIVNAPEGGKVDLEAFSHFTKIITPAITRVVDFAKKLPMFCELPCEDQIILLKGCCMEIMSLRAAVRYDPESETLTLNGEMAVTRGQLKNGGLGVVSDAIFDLGMSLSSFNLDDTEVALLQAVLLMSSDRPGLACVERIEKYQDSFLLAFEHYINYRKHHVTHFWPKLLMKVTDLRMIGACHASRFLHMKVECPTELFPPLFLEVFED
185,'197',MTQSNNTGILEKFVNTVMGVKTENQQQPSNTLIATTQALDIRAVLVYKLGTILQIAAMMLALLGMEKLVMLIDKNSHLPSWFSTLLAVLFFALLSIRSRIFSLLDNTRSRKTYDQVIRPRWAPPPLVFPIVWMIIAVLRVISSVLIWQQMHHQFLALPLILFVVHLALGDTWNTIFTVERRLGAAVPVVILGPWLSALVVTAIYWQTNPVAGMIFSFSCIWLTVAAVLVFRIWQLNGSEPLYPLKLTPVEK
186,'198',MTSVMSHEFQLATAETWPNPWPMYRALRDHDPVHHVVPPQRPEYDYYVLSRHADVWSAARDHQTFSSAQGLTVNYGELEMIGLHDTPPMVMQDPPVHTEFRKLVSRGFTPRQVETVEPTVRKFVVERLEKLRANGGGDIVTELFKPLPSMVVAHYLGVPEEDWTQFDGWTQAIVAANAVDGATTGALDAVGSMMAYFTGLIERRRTEPADDAISHLVAAGVGADGDTAGTLSILAFTFTMVTGGNDTVTGMLGGSMPLLHRRPDQRRLLLDDPEGIPDAVEELLRLTSPVQGLARTTTRDVTIGDTTIPAGRRVLLLYGSANRDERQYGPDAAELDVTRCPRNILTFSHGAHHCLGAAAARMQCRVALTELLARCPDFEVAESRIVWSGGSYVRRPLSVPFRVTS
187,'199',MVGVGGGDVEDVTPRPGGCQISGRGARGCNGIPGAAAWEAALPRRRPRRHPSVNPRSRAAGSPRTRGRRTEERPSGSRLGDRGRGRALPGGRLGGRGRGRAPERVGGRGRGRGTAAPRAAPAARGSRPGPAGTMAAGSITTLPALPEDGGSGAFPPGHFKDPKRLYCKNGGFFLRIHPDGRVDGVREKSDPHIKLQLQAEERGVVSIKGVCANRYLAMKEDGRLLASKCVTDECFFFERLESNNYNTYRSRKYTSWYVALKRTGQYKLGSKTGPGQKAILFLPMSAKS
188,'200',MVNVRRANFKSFWDKYSDKPDTNSMMLNHSAEELESSDRADILASLPLLHNKDVVDIGAGIGRFTTVLAETARWVLSTDFIDSFIKKNQERNAHLGNINYQVGDAVGLKMESNSVDLVFTNWLMMYLSDEETVEFIFNCMRWLRSHGIVHLRESCSEPSTGRSKAKSMHDTANANPTHYRFSSLYINLLRAIRYRDVDNKLWRFNVQWSCSVPTYIKRSNNWRQVHWLAEKVPAEDGAKGTSFNELVELIKNTWQNEQEAWDAKLDDEKYVWTDKVFSSALTSLPSNSTFFLYTPRTVSPYCHINAHTLAETFNANVWNTEIIPEYYRTSLTKSNNLKDQRVRFGWNQSLTDSVTYWQQKDALFDVFVATEFLSTVDDETIRQLPNVMSDGAKFITLEPVDEVNEAEMKQRIQELGYTLKSFTDVTDQCIEAQEQYFKDHEQLRDEKVIRKNWVLLELTH
189,'201',MVQKIGILGAMREEITPILELFGVDFEEIPLGGNVFHKGVYHDKEIIVAYSKIGKVHSTLTTTSMILAFGVQKVLFSGVAGSLNKDLKINDLLVAIQLVQHDVDLSAFNHPLGFIPESAIFIETSESLNALAKKVANEQHITLKEGVIASGDQFVHSKERKEFLISEFKASAVEMEGASVAFVCQKFGVPCCVLRSISDNADEEANMSFDAFLEKSAQTSAKFLKSMVDKL
190,'202',MYDAIVVGGGFSGLKAARDLTNAGKKVLLLEGGERLGGRAYSRESRNVPGLRVEIGGAYLHRKHHPRLAAELDRYGIPTAAASEFTSFRHRLGPTAVDQAFPIPGSEAVAVEAATYTLLRDAHRIDLEKGLENQDLEDLDIPLNEYVDKLDLPPVSRQFLLAWAWAMLGQPADQASALWMLQLVAAHHYSILGVVLSLDEVFSNGSADLVDAMSQEIPEIRLQTVVTGIDQSGDVVNVTVKDGHAFQAHSVIVATPMNTWRRIVFTPALPERRRSVIEEGHGGQGLKILIHVRGAEAGIECVGDGIFPTLYDYCEVSESERLLVAFTDSGSFDPTDIGAVKDAVLYYLPEVEVLGIDYHDWIADPLFEGPWVAPRVGQFSRVHKELGEPAGRIHFVGSDVSLEFPGYIEGALETAECAVNAILHS
191,'203',MYDAIVVGGGFSGLKAARDLTNAGKKVLLLEGGERLGGRAYSRESRNVPGLRVEIGGAYLHRKHHPRLAAELDRYGIPTAAASEFTSFRHRLGPTAVDQAFPIPGSEAVAVEAATYTLLRDAHRIDLEKGLENQDLEDLDIPLNEYVDKLDLPPVSRQFLLAWAWNMLGQPADQASALWMLQLVAAHHYSILGVVLSLDEVFSNGSADLVDAMSQEIPEIRLQTVVTGIDQSGDVVNVTVKDGHAFQAHSVIVATPMNTWRRIVFTPALPERRRSVIEEGHGGQGLKILIHVRGAEAGIECVGDGIFPTLFDYCEVSESERLLVAFTDSGSFDPTDIGAVKDAVLYYLPEVEVLGIDYHDWIADPLFEGPWVAPRVGQFSRVHKELGEPAGRIHFVGSDVSLEFPGYIEGALETAECAVNAILHS
192,'204',MYDAIVVGGGFSGLKAARDLTNAGKKVLLLEGGERLGGRAYSRESRNVPGLRVEIGGAYLHRKHHPRLAAELDRYGIPTAAASEFTSFRHRLGPTAVDQAFPIPGSEAVAVEAATYTLLRDAHRIDLEKGLENQDLEDLDIPLNEYVDKLDLPPVSRQFLLAWAWNMLGQPADQASALWMLQLVAAHHYSILGVVLSLDEVFSNGSADLVDAMSQEIPEIRLQTVVTGIDQSGDVVNVTVKDGHAFQAHSVIVATPMNTWRRIVFTPALPERRRSVIEEGHGGQGLMILIHVRGAEAGIECVGDGIFPTLYDYCEVSESERLLVAFTDSGSFDPTDIGAVKDAVLYYLPEVEVLGIDYHDWIADPLFEGPWVAPRVGQFSRVHKELGEPAGRIHFVGSDVSLEFPGYIEGALETAECAVNAILHS
193,'205',MYERFTDRARRVVVLAQEEARMLNHNYIGTEHILLGLIHEGEGVAAKSLESLGISLEGVRSQVEEIIGQGQQAPSGHIPFTPRAKKVLELSLREALQLGHNYIGTEHILLGLIREGEGVAAQVLVKLGAELTRVRQQVIQLLSGY
194,'206',NENEPREADKSHPEQRELRPRLCTMKKGPSGYGFNLHSDKSKPGQFIRSVDPDSPAEASGLRAQDRIVEVNGVCMEGKQHGDVVSAIRAGGDETKLLVVDRETDEFFKKCRVIPSQEHLNGPLPVPFTNGEIQKENSREALAEAALESPRPALVRSASSDTSEELNSQ
195,'207',NEVTLLDSRSVQGELGWIASPLEGGWEEVSAMDEKNTPIRTYQVCNVMEPSQNNWLRTDWITREGAQRVYIEIKFTLRDCNSLPGVMGTCKETFNLYYYESDNDKERFIRENQFVKIDTIAADESFTQVDIGDRIMKLNTEIRDVGPLSKKGFYLAFQDVGACIALVSVRVFYKKCPLTVR
196,'208',NEVTLLDSRSVQGELGWIASPLEGGWEEVSGMDEKNTPIRTYQVCNVMEPSQNNWLRTDWITREGAQRVYIEIKFTLRDCNSLPGVMGTCKETFNLYYYESDNDKERFIRENQFVKIDTIAADESFTQVDIGDRIMKLNTEIRDVGPLSKKGFYLAFQDVGACIALVSVRVFYKKCPLTVR
197,'209',NEVTLLDSRSVQGELGWIASPLEGGWEEVSIADEKNTPIRTYQVCNVMEPSQNNWLRTDWITREGAQRVYIEIKFTLRDCNSLPGVMGTCKETFNLYYYESDNDKERFIRENQFVKIDTIAADESFTQVDIGDRIMKLNTEIRDVGPLSKKGFYLAFQDVGACIALVSVRVFYKKCPLTVR
198,'210',NEVTLLDSRSVQGELGWIASPLEGGWEEVSIMDEKNTPARTYQVCNVMEPSQNNWLRTDWITREGAQRVYIEIKFTLRDCNSLPGVMGTCKETFNLYYYESDNDKERFIRENQFVKIDTIAADESFTQVDIGDRIMKLNTEIRDVGPLSKKGFYLAFQDVGACIALVSVRVFYKKCPLTVR
199,'211',NEVTLLDSRSVQGELGWIASPLEGGWEEVSIMDEKNTPIRTYQVCNVMEPSQNNWLRTDWITREGAQRVYIEIKFTLRDCNSLPGVMGTCKETFNLYYYESDNDKERFIRENQFVKIDTIAADESFTQVDAGDRIMKLNTEIRDVGPLSKKGFYLAFQDVGACIALVSVRVFYKKCPLTVR
200,'212',NEVTLLDSRSVQGELGWIASPLEGGWEEVSIMDEKNTPIRTYQVCNVMEPSQNNWLRTDWITREGAQRVYIEIKFTLRDCNSLPGVMGTCKETFNLYYYESDNDKERFIRENQFVKIDTIAADESFTQVDIGDRIAKLNTEIRDVGPLSKKGFYLAFQDVGACIALVSVRVFYKKCPLTVR
201,'213',NEVTLLDSRSVQGELGWIASPLEGGWEEVSIMDEKNTPIRTYQVCNVMEPSQNNWLRTDWITREGAQRVYIEIKFTLRDCNSLPGVMGTCKETFNLYYYESDNDKERFIRENQFVKIDTIAADESFTQVDIGDRIMKLNTEIRDVGPLSKKGFYLAFQDVGACIALVSVRVFYKKCPLTVR
202,'214',NEVTLLDSRSVQGELGWIASPLEGGWEEVSIMGGKNTPIRTYQVCNVMEPSQNNWLRTDWITREGAQRVYIEIKFTLRDCNSLPGVMGTCKETFNLYYYESDNDKERFIRENQFVKIDTIAADESFTQVDIGDRIMKLNTEIRDVGPLSKKGFYLAFQDVGACIALVSVRVFYKKCPLTVR
203,'215',NPPPPETSNPNKPKRQTNQLQYLLRVVLKTLWKHQFAAPFQQPVDAVKLNLPDYYKIIKTPMDMGTIKKRLENNYYWNAQECIQDFNTMFTNCYIYNKPGDDIVLMAEALEKLFLQKINELPT
204,'216',NPPPPETSNPNKPKRQTNQLQYLLRVVLKTLWKHQFAWAFQQPVDAVKLNLPDYYKIIKTPMDMGTIKKRLENNYYWNAQECIQDFNTMFTNCYIYNKPGDDIVLMAEALEKLFLQKINELPT
205,'217',NPPPPETSNPNKPKRQTNQLQYLLRVVLKTLWKHQFAWPFQQPVDAVKLNAPDYYKIIKTPMDMGTIKKRLENNYYWNAQECIQDFNTMFTNCYIYNKPGDDIVLMAEALEKLFLQKINELPT
206,'218',NPPPPETSNPNKPKRQTNQLQYLLRVVLKTLWKHQFAWPFQQPVDAVKLNLPDFYKIIKTPMDMGTIKKRLENNYYWNAQECIQDFNTMFTNCYIYNKPGDDIVLMAEALEKLFLQKINELPT
207,'219',NPPPPETSNPNKPKRQTNQLQYLLRVVLKTLWKHQFAWPFQQPVDAVKLNLPDYYKIIKTPMDMGTIKKRLENNYYWNAQECIQDFNTMFTNCYIFNKPGDDIVLMAEALEKLFLQKINELPT
208,'220',NPPPPETSNPNKPKRQTNQLQYLLRVVLKTLWKHQFAWPFQQPVDAVKLNLPDYYKIIKTPMDMGTIKKRLENNYYWNAQECIQDFNTMFTNCYIYAKPGDDIVLMAEALEKLFLQKINELPT
209,'221',NPPPPETSNPNKPKRQTNQLQYLLRVVLKTLWKHQFAWPFQQPVDAVKLNLPDYYKIIKTPMDMGTIKKRLENNYYWNAQECIQDFNTMFTNCYIYNKPGADIVLMAEALEKLFLQKINELPT
210,'222',NPPPPETSNPNKPKRQTNQLQYLLRVVLKTLWKHQFAWPFQQPVDAVKLNLPDYYKIIKTPMDMGTIKKRLENNYYWNAQECIQDFNTMFTNCYIYNKPGDAIVLMAEALEKLFLQKINELPT
211,'223',NPPPPETSNPNKPKRQTNQLQYLLRVVLKTLWKHQFAWPFQQPVDAVKLNLPDYYKIIKTPMDMGTIKKRLENNYYWNAQECIQDFNTMFTNCYIYNKPGDDAVLMAEALEKLFLQKINELPT
212,'224',NPPPPETSNPNKPKRQTNQLQYLLRVVLKTLWKHQFAWPFQQPVDAVKLNLPDYYKIIKTPMDMGTIKKRLENNYYWNAQECIQDFNTMFTNCYIYNKPGDDIVLAAEALEKLFLQKINELPT
213,'225',NPPPPETSNPNKPKRQTNQLQYLLRVVLKTLWKHQFAWPFQQPVDAVKLNLPDYYKIIKTPMDMGTIKKRLENNYYWNAQECIQDFNTMFTNCYIYNKPGDDIVLMAEALEKLFLQKINELPT
214,'226',NPPPPETSNPNKPKRQTNQLQYLLRVVLKTLWKHQFAWPFQQPVDAVKLNLPDYYKIIKTPMDMGTIKKRLENNYYWNAQECIQDFNTMFTNCYIYNKPGDDIVLMAEALEKLFLQKINELPTEE
215,'227',NPPPPETSNPNKPKRQTNQLQYLLRVVLKTLWKHQFAWPFQQPVDAVKLNLPDYYKIIKTPMDMGTIKKRLENNYYWNAQECIQDFNTMFTNCYIYNKPGDDIVLMAEALEKLFLQKINELPTEEKDVPDSQQHPAPEKSSKVSEQLKCCSGILKEMFAKKHAAYAWPFYKPVDVEALGLHDYCDIIKHPMDMSTIKSKLEAREYRDAQEFGADVRLMFSNCYKYNPPDHEVVAMARKLQDVFEMRFAKMPDE
216,'228',NQSSNFGPMKGGNFGGRSSGPYGGGGQYFAKPRNQGGYGGSSSSSSYGSGRRF
217,'229',NTKKNGRLTNQLQYLQKVVLKDLWKHSFSWPFQRPVDAVKLQLPDYYTIIKNPMDLNTIKKRLENKYYAKASECIEDFNTMFSNCYLYNKPGDDIVLMAQALEKLFMQKLSQMPQEE
218,'230',NTKKNGRLTNQLQYLQKVVLKDLWKHSFSWPFQRPVDAVKLQLPDYYTIIKNPMDLNTIKKRLENKYYAKASECIEDFNTMFSNCYLYNKPGDDIVLMAQALEKLFMQKLSQMPQEEKNVLPDSQQQYNVVKTVKVTEQLRHCSEILKEMLAKKHFSYAWPFYNPVDVNALGLHNYYDVVKNPMDLGTIKEKMDNQEYKDAYKFAADVRLMFMNCYKYNPPDHEVVTMARMLQDVFETHFSKIPIEPVE
219,'231',PALCQLGKYTTNNSSEQRVSLDIDLWDKFSELSTKCIIKTVEFAKQLPGFTTLTIADQITLLKAACLDILILRICTRYTPEQDTMTFSDGLTLNRTQMHNAGFGPLTDLVFAFANQLLPLEMDDAETGLLSAICLICGDRQDLEQPDRVDMLQEPLLEALKVYVRKRRPSRPHMFPKMLMKITDLRSISAKGAERVITLKMEIPGSMPPLIQEMLENSEG
220,'232',PEVSNPSKPGRKTNQLQYMQNVVVKTLWKHQFAWPFYQPVDAIKLNLPDYHKIIKNPMDMGTIKKRLENNYYWSASECMQDFNTMFTNCYIYNKPTDDIVLMAQALEKIFLQKVAQMPQEE
221,'233',PEVSNPSKPGRKTNQLQYMQNVVVKTLWKHQFAWPFYQPVDAIKLNLPDYHKIIKNPMDMGTIKKRLENNYYWSASECMQDFNTMFTNCYIYNKPTDDIVLMAQALEKIFLQKVAQMPQEEGKLSEHLRYCDSILREMLSKKHAAYAWPFYKPVDAEALELHDYHDIIKHPMDLSTVKRKMDGREYPDAQGFAADVRLMFSNCYKYNPPDHEVVAMARKLQDVFEMRFAKMP
222,'234',PSLCQLGKYTTNSSADHRVRLDLGLWDKFSELATKCIIKIVEFAKRLPGFTGLTIADQITLLKAACLDILILRICTRYTPEQDTMTFSDGLTLNRTQMHNAGFGPLTDLVFTFANQLLPLEMDDTETGLLSAICLICGDRQDLEEPTKVDKLQEPLLEALKIYIRKRRPSKPHMFPKILMKITDLRSISAKGAERVITLKMEIPGSMPPLIQEMLENSEG
223,'235',PVSRNAAEYLLSSGINGSFLVRESESSPGQRSISLRYEGRVYHYRINTASDGKLYVSSESRFNTLAELVHHHSTVADGLITTLHYPAPKRNKPTVYGVSPNYDKWEME
224,'236',QAEEWYFGKITRRESERLLLNPENPRGTFLVRESETTKGAYCLSVSDFDNAKGLNVKHYKIRKLDSGGFYITSRTQFSSLQQLVAYYSKHADGLCHRLTNVCPT
225,'237',QAEEWYFGKITRRESERLLLNPENPRGTFLVRESETVKGAYALSVSDFDNAKGLNVLHYKIRKLDSGGFYITSRTQFSSLQQLVAYYSKHADGLCHRLTNVCPT
226,'238',QAEEWYFGKITRRESERLLLNPENPRGTFLVRQLARVKGAYALSVSDFDNAKGLNVLHYKIRKLDSGGFYITSRTQFSSLQQLVAYYSKHADGLCHRLTNVCPT
227,'239',QAEEWYFGKITRRESERLLLNPENPRGTFLVRRLQRVKGAYALSVSDFDNAKGLNVLHYKIRKLDSGGFYITSRTQFSSLQQLVAYYSKHADGLCHRLTNVCPT
228,'240',QTQGLAKDAWEIPRESLRLEVKLGQGCFGEVWMGTWNGTTRVAIKTLKPGTMSPEAFLQEAQVMKKLRHEKLVQLYAVVSEEPIYIVTEYMSKGSLLDFLKGEMGKYLRLPQLVDMAAQIASGMAYVERMNYVHRDLRAANILVGENLVCKVADFGLARLIEDNEYTARQGAKFPIKWTAPEAALYGRFTIKSDVWSFGILLTELTTKGRVPYPGMVNREVLDQVERGYRMPCPPECPESLHDLMCQCWRKDPEERPTFEYLQAFLEDYFTSTEPQYQPGENL
229,'241',SGDNTLSITKGEKLRVLGYNQNGEWSEVRSKNGQGWVPSNYITPVNSLEKHSWYHGPVSRSAAEYLLSSLINGSFLVRESESSPGQLSISLRYEGRVYHYRINTTA
230,'242',SPNYDKWEMERTDITMKHKLGGGQYGEVYEGVWKKYSLTVAVKTLKEDTMEVEEFLKEAAVMKEIKHPNLVQLLGVCTREPPFYIITEFMTYGNLLDYLRECNRQEVNAVVLLYMATQISSAMEYLEKKNFIHRDLAARNCLVGENHLVKVADFGLSRLMTGDTYTAHAGAKFPIKWTAPESLAYNKFSIKSDVWAFGVLLWEIATYGMSPYPGIDLSQVYELLEKDYRMERPEGCPEKVYELMRACWQWNPSDRPSFAEIHQAFETMFQESSISDEVEKELGK
231,'243',SPQLEELITKVSKAHQETFPSLCQLGKYTTNSSADHRVQLDLGLWDKFSELATKCIIKIVEFAKRLPGFTGLSIADQITLLKAACLDILMLRICTRYTPEQDTMTFSDGLTLNRTQMHNAGFGPLTDLVFAFAGQLLPLEMDDTETGLLSAICLICGDRMDLEEPEKVDKLQEPLLEALRLYARRRRPSQPYMFPRMLMKITDLRGISTKGAERAITLKMEIPGPMPPLIREMLE
232,'244',SSPITGLVYDQRMMLHHNMWDSHHPELPQRISRIFSRHEELRLLSRCHRIPARLATEEELALCHSSKHISIIKSSEHMKPRDLNRLGDEYNAIFISNESYTCALLAAGSCFNSAQAILTGQVRNAVAIVRPPGHHAEKDTACGFCFFNTAALTARYAQSITRESLRVLIVDWDVHHGNGTQHIFEEDDSVLYISLHRYEDGAFFPNSEDANYDKVGLGKGRGYNVNIPWNGGKMGDPEYMAAFHHLVMPIAREFAPELVLVSAGFDAARGDPLGGFQVTPEGYAHLTHQLMSLAAGRVLIILEGGYNLTSISESMSMCTSMLLGDSPPSLDHLTPLKTSATVSINNVLRAHAPFWSSLR
233,'245',SSPITGLVYDQRMMLHHNMWDSHHPELPQRISRIFSRHEELRLLSRCHRIPARLATEEELALCHSSKHISIIKSSEHMKPRDLNRLGDEYNSIFISNESYTCALLAAGSCFNSAQAILTGQVRNAVAIVRPPGHHAEKDTACGFCFFNTAALTARYAQSITRESLRVLIVDWDVHHGNGTQHIFEEDDSVLYISLHRYEDGAFFPNSEDANYDKVGLGKGRGYNVNIPWNGGKMGDPEYMAAFHHLVMPIAREFAPELVLVSAGFDAARGDPLGGFQVTPEGYAHLTHQLMSLAAGRVLIILEGGYNLTSISESMSMCTSMLLGDSPPSLDHLTPLKTSATVSINNVLRAHAPFWSSLR
234,'246',msslsiprqslyyvnkvtegrsvsnvqvvspcqkqgqtyvtaftpltsnvqvhtsleqlstirnadvlifnnalsqiitnadlltdflknatnataiggtviiredlkdcsdkrqvarltdyfdvfrttdsdgnntgldlytvdqvehsnyveqnfldfifvfrkkvfapttdatitfrdfldktqytntgidayewmfgvnfispggydenlkiikrfgdfkpgqtmldigvgigggarqvadefgvhvhgidlssnmlaialerlheekdsrvkysitdalvyqfednsfdyvfsrdciqhipdteklfsriykalkpggkvlitmygkgygeqsdkfktyvaqrayflknlkeiadianktgfvnvqtenmtprfkeilleerghleqneaefmskftqrerdslisgwtdklgyiekdnhnwnfflaqkpfpk
